-- ===========================================
-- KyrosBarber Database Backup
-- Generated: 2026-03-24
-- Project: qyyhembukflbxjbctuav
-- ===========================================

CREATE EXTENSION IF NOT EXISTS "uuid-ossp";

-- ===========================================
-- SCHEMA (DDL)
-- ===========================================

DROP TABLE IF EXISTS public.negocios CASCADE;
CREATE TABLE public.negocios (
  id uuid DEFAULT uuid_generate_v4() NOT NULL,
  nombre text NOT NULL,
  created_at timestamp with time zone DEFAULT now(),
  stripe_customer_id text
);

DROP TABLE IF EXISTS public.planes CASCADE;
CREATE TABLE public.planes (
  id serial NOT NULL,
  codigo text NOT NULL,
  nombre text NOT NULL,
  precio_mxn numeric NOT NULL,
  limite_sucursales integer NOT NULL,
  limite_empleados_por_sucursal integer,
  descripcion text,
  activo boolean DEFAULT true
);

DROP TABLE IF EXISTS public.sucursales CASCADE;
CREATE TABLE public.sucursales (
  id bigint GENERATED BY DEFAULT AS IDENTITY,
  negocio_id uuid,
  nombre text NOT NULL,
  direccion text,
  created_at timestamp with time zone DEFAULT now(),
  cuenta_email text,
  cuenta_password text,
  telefono character varying(20),
  stripe_account_id text,
  stripe_onboarding_complete boolean DEFAULT false,
  imagen_url text,
  hora_apertura time without time zone DEFAULT '09:00:00'::time without time zone,
  hora_cierre time without time zone DEFAULT '20:00:00'::time without time zone,
  descanso_inicio time without time zone,
  descanso_fin time without time zone,
  dias_abiertos _int4 DEFAULT ARRAY[1, 2, 3, 4, 5, 6]
);

DROP TABLE IF EXISTS public.usuarios_perfiles CASCADE;
CREATE TABLE public.usuarios_perfiles (
  id uuid NOT NULL,
  nombre text,
  avatar_url text,
  rol text DEFAULT 'dueño'::text,
  negocio_id uuid,
  created_at timestamp with time zone DEFAULT now(),
  sucursal_id bigint,
  email text
);

DROP TABLE IF EXISTS public.empleados CASCADE;
CREATE TABLE public.empleados (
  id bigint GENERATED BY DEFAULT AS IDENTITY,
  negocio_id uuid,
  sucursal_id bigint,
  nombre text NOT NULL,
  especialidad text,
  created_at timestamp with time zone DEFAULT now(),
  rol text,
  imagen_url text,
  disponible boolean DEFAULT true NOT NULL
);

DROP TABLE IF EXISTS public.servicios CASCADE;
CREATE TABLE public.servicios (
  id bigint GENERATED BY DEFAULT AS IDENTITY,
  negocio_id uuid,
  sucursal_id bigint,
  nombre text NOT NULL,
  descripcion text,
  precio_base numeric DEFAULT 0,
  duracion_aprox_minutos integer DEFAULT 30,
  created_at timestamp with time zone DEFAULT now(),
  imagen_url text,
  link_pago text
);

DROP TABLE IF EXISTS public.clientes_bot CASCADE;
CREATE TABLE public.clientes_bot (
  id bigint GENERATED BY DEFAULT AS IDENTITY,
  negocio_id uuid,
  nombre text,
  telefono text,
  chat_id text,
  plataforma text DEFAULT 'manual'::text,
  created_at timestamp with time zone DEFAULT now(),
  sucursal_id bigint,
  email text
);

DROP TABLE IF EXISTS public.negocio_suscripciones CASCADE;
CREATE TABLE public.negocio_suscripciones (
  negocio_id uuid NOT NULL,
  plan_id integer,
  estado text DEFAULT 'trial'::text NOT NULL,
  fecha_fin_prueba timestamp with time zone,
  fecha_fin_periodo timestamp with time zone,
  created_at timestamp with time zone DEFAULT now(),
  updated_at timestamp with time zone DEFAULT now(),
  stripe_subscription_id text,
  tipo_chatbot character varying(10) DEFAULT 'web'::character varying
);

DROP TABLE IF EXISTS public.citas CASCADE;
CREATE TABLE public.citas (
  id bigint GENERATED BY DEFAULT AS IDENTITY,
  negocio_id uuid,
  sucursal_id bigint,
  empleado_id bigint,
  cliente_id bigint,
  nombre_cliente_manual text,
  fecha_hora_inicio timestamp with time zone,
  fecha_hora_fin timestamp with time zone,
  estado text DEFAULT 'confirmada'::text,
  tipo text DEFAULT 'cita'::text,
  auto_cancelada boolean DEFAULT false,
  created_at timestamp with time zone DEFAULT now(),
  telefono text,
  servicio text,
  aviso_20min boolean DEFAULT false,
  aviso_hora boolean DEFAULT false,
  total_pagado numeric DEFAULT 0,
  fecha_completado timestamp with time zone,
  descripcion text,
  fotos_referencia _text,
  estado_pago text DEFAULT 'pendiente'::text,
  stripe_payment_intent_id text,
  stripe_session_id text,
  monto_total numeric,
  cliente_email text
);

DROP TABLE IF EXISTS public.citas_servicios CASCADE;
CREATE TABLE public.citas_servicios (
  id bigint GENERATED BY DEFAULT AS IDENTITY,
  cita_id bigint,
  servicio_id bigint,
  precio_actual numeric DEFAULT 0
);

DROP TABLE IF EXISTS public.empleado_servicios CASCADE;
CREATE TABLE public.empleado_servicios (
  id bigint GENERATED BY DEFAULT AS IDENTITY,
  empleado_id bigint,
  servicio_id bigint
);

DROP TABLE IF EXISTS public.horarios_sucursal CASCADE;
CREATE TABLE public.horarios_sucursal (
  id bigint GENERATED BY DEFAULT AS IDENTITY,
  sucursal_id bigint,
  dia_semana integer,
  hora_inicio time without time zone,
  hora_fin time without time zone,
  created_at timestamp with time zone DEFAULT now(),
  activo boolean DEFAULT true,
  hora_descanso_inicio time without time zone,
  duracion_descanso_minutos integer DEFAULT 0
);

DROP TABLE IF EXISTS public.chat_histories CASCADE;
CREATE TABLE public.chat_histories (
  id bigint GENERATED BY DEFAULT AS IDENTITY,
  session_id text,
  message jsonb,
  created_at timestamp with time zone DEFAULT now()
);

DROP TABLE IF EXISTS public.chat_actividad CASCADE;
CREATE TABLE public.chat_actividad (
  chat_id text NOT NULL,
  ultimo_mensaje timestamp with time zone
);

DROP TABLE IF EXISTS public.inbox_telegram CASCADE;
CREATE TABLE public.inbox_telegram (
  id bigint GENERATED BY DEFAULT AS IDENTITY,
  chat_id text,
  message_text text,
  message_id text,
  created_at timestamp with time zone DEFAULT now()
);

DROP TABLE IF EXISTS public.bot_sessions CASCADE;
CREATE TABLE public.bot_sessions (
  id uuid DEFAULT uuid_generate_v4() NOT NULL,
  phone_number text NOT NULL,
  current_step text NOT NULL,
  data jsonb DEFAULT '{}'::jsonb,
  updated_at timestamp with time zone DEFAULT now()
);

DROP TABLE IF EXISTS public.n8n_chat_histories CASCADE;
CREATE TABLE public.n8n_chat_histories (
  id serial NOT NULL,
  session_id text NOT NULL,
  message jsonb NOT NULL,
  createdAt timestamp with time zone DEFAULT now()
);

-- PRIMARY KEYS
ALTER TABLE public.bot_sessions ADD CONSTRAINT bot_sessions_pkey PRIMARY KEY (id);
ALTER TABLE public.chat_actividad ADD CONSTRAINT chat_actividad_pkey PRIMARY KEY (chat_id);
ALTER TABLE public.chat_histories ADD CONSTRAINT chat_histories_pkey PRIMARY KEY (id);
ALTER TABLE public.citas ADD CONSTRAINT citas_pkey PRIMARY KEY (id);
ALTER TABLE public.citas_servicios ADD CONSTRAINT citas_servicios_pkey PRIMARY KEY (id);
ALTER TABLE public.clientes_bot ADD CONSTRAINT clientes_bot_pkey PRIMARY KEY (id);
ALTER TABLE public.empleado_servicios ADD CONSTRAINT empleado_servicios_pkey PRIMARY KEY (id);
ALTER TABLE public.empleados ADD CONSTRAINT empleados_pkey PRIMARY KEY (id);
ALTER TABLE public.horarios_sucursal ADD CONSTRAINT horarios_sucursal_pkey PRIMARY KEY (id);
ALTER TABLE public.inbox_telegram ADD CONSTRAINT inbox_telegram_pkey PRIMARY KEY (id);
ALTER TABLE public.n8n_chat_histories ADD CONSTRAINT n8n_chat_histories_pkey PRIMARY KEY (id);
ALTER TABLE public.negocio_suscripciones ADD CONSTRAINT negocio_suscripciones_pkey PRIMARY KEY (negocio_id);
ALTER TABLE public.negocios ADD CONSTRAINT negocios_pkey PRIMARY KEY (id);
ALTER TABLE public.planes ADD CONSTRAINT planes_pkey PRIMARY KEY (id);
ALTER TABLE public.servicios ADD CONSTRAINT servicios_pkey PRIMARY KEY (id);
ALTER TABLE public.sucursales ADD CONSTRAINT sucursales_pkey PRIMARY KEY (id);
ALTER TABLE public.usuarios_perfiles ADD CONSTRAINT usuarios_perfiles_pkey PRIMARY KEY (id);

-- UNIQUE CONSTRAINTS
ALTER TABLE public.bot_sessions ADD CONSTRAINT bot_sessions_phone_number_key UNIQUE (phone_number);
ALTER TABLE public.planes ADD CONSTRAINT planes_codigo_key UNIQUE (codigo);

-- FOREIGN KEYS
ALTER TABLE public.citas ADD CONSTRAINT citas_negocio_id_fkey FOREIGN KEY (negocio_id REFERENCES negocios(id));
ALTER TABLE public.citas ADD CONSTRAINT citas_cliente_id_fkey FOREIGN KEY (cliente_id REFERENCES clientes_bot(id));
ALTER TABLE public.citas ADD CONSTRAINT citas_empleado_id_fkey FOREIGN KEY (empleado_id REFERENCES empleados(id));
ALTER TABLE public.citas ADD CONSTRAINT citas_sucursal_id_fkey FOREIGN KEY (sucursal_id REFERENCES sucursales(id));
ALTER TABLE public.citas_servicios ADD CONSTRAINT citas_servicios_servicio_id_fkey FOREIGN KEY (servicio_id REFERENCES servicios(id));
ALTER TABLE public.citas_servicios ADD CONSTRAINT citas_servicios_cita_id_fkey FOREIGN KEY (cita_id REFERENCES citas(id));
ALTER TABLE public.clientes_bot ADD CONSTRAINT clientes_bot_negocio_id_fkey FOREIGN KEY (negocio_id REFERENCES negocios(id));
ALTER TABLE public.clientes_bot ADD CONSTRAINT clientes_bot_sucursal_id_fkey FOREIGN KEY (sucursal_id REFERENCES sucursales(id));
ALTER TABLE public.empleado_servicios ADD CONSTRAINT empleado_servicios_servicio_id_fkey FOREIGN KEY (servicio_id REFERENCES servicios(id));
ALTER TABLE public.empleado_servicios ADD CONSTRAINT empleado_servicios_empleado_id_fkey FOREIGN KEY (empleado_id REFERENCES empleados(id));
ALTER TABLE public.empleados ADD CONSTRAINT empleados_negocio_id_fkey FOREIGN KEY (negocio_id REFERENCES negocios(id));
ALTER TABLE public.empleados ADD CONSTRAINT empleados_sucursal_id_fkey FOREIGN KEY (sucursal_id REFERENCES sucursales(id));
ALTER TABLE public.horarios_sucursal ADD CONSTRAINT horarios_sucursal_sucursal_id_fkey FOREIGN KEY (sucursal_id REFERENCES sucursales(id));
ALTER TABLE public.negocio_suscripciones ADD CONSTRAINT negocio_suscripciones_plan_id_fkey FOREIGN KEY (plan_id REFERENCES planes(id));
ALTER TABLE public.negocio_suscripciones ADD CONSTRAINT negocio_suscripciones_negocio_id_fkey FOREIGN KEY (negocio_id REFERENCES negocios(id));
ALTER TABLE public.servicios ADD CONSTRAINT servicios_sucursal_id_fkey FOREIGN KEY (sucursal_id REFERENCES sucursales(id));
ALTER TABLE public.servicios ADD CONSTRAINT servicios_negocio_id_fkey FOREIGN KEY (negocio_id REFERENCES negocios(id));
ALTER TABLE public.sucursales ADD CONSTRAINT sucursales_negocio_id_fkey FOREIGN KEY (negocio_id REFERENCES negocios(id));
ALTER TABLE public.usuarios_perfiles ADD CONSTRAINT usuarios_perfiles_sucursal_id_fkey FOREIGN KEY (sucursal_id REFERENCES sucursales(id));
ALTER TABLE public.usuarios_perfiles ADD CONSTRAINT usuarios_perfiles_negocio_id_fkey FOREIGN KEY (negocio_id REFERENCES negocios(id));

-- ===========================================
-- DATA (INSERT STATEMENTS)
-- ===========================================

-- negocios (45 rows)
INSERT INTO public.negocios (id, nombre, created_at, stripe_customer_id) VALUES ('7a8ba4e9-96b1-45a3-b891-85e2925d66cc', 'Barbería de Mi Negocio', '2026-02-13T17:54:50.854972+00:00', 'cus_TyNKU4RPA4px5M');
INSERT INTO public.negocios (id, nombre, created_at, stripe_customer_id) VALUES ('23519d2a-b867-4560-9735-9fdc3c7c2faa', 'Barbería de Mi Negocio', '2026-02-13T17:55:56.609909+00:00', 'cus_TyNLb2iVHlHyZn');
INSERT INTO public.negocios (id, nombre, created_at, stripe_customer_id) VALUES ('fc515d9d-5843-4342-a8f3-889201eb6595', 'Barbería de Mi Negocio', '2026-02-13T18:01:15.370971+00:00', 'cus_TyNQ8l9DyCTIGM');
INSERT INTO public.negocios (id, nombre, created_at, stripe_customer_id) VALUES ('58812d7c-a245-40a5-ba12-2bc60d6dff0b', 'Barbería de Mi Negocio', '2026-02-13T18:05:08.022278+00:00', 'cus_TyNUisAdR0e8Rw');
INSERT INTO public.negocios (id, nombre, created_at, stripe_customer_id) VALUES ('2c57c657-f55b-481b-aab2-1c091cbdd4e8', 'Barbería de Mi Negocio', '2026-02-20T18:38:09.439616+00:00', 'cus_U10bLEfN3D8VB7');
INSERT INTO public.negocios (id, nombre, created_at, stripe_customer_id) VALUES ('3ed0b654-2eb4-4e33-83cd-b6f79d5057e8', 'Barbería de Mi Negocio', '2026-02-20T18:40:23.010295+00:00', 'cus_U10eDishbfXV56');
INSERT INTO public.negocios (id, nombre, created_at, stripe_customer_id) VALUES ('b67381f3-d32c-44df-b879-fa2ef17c4265', 'Barbería de Mi Negocio', '2026-02-21T00:32:13.934162+00:00', 'cus_U16JufajwkXYTN');
INSERT INTO public.negocios (id, nombre, created_at, stripe_customer_id) VALUES ('75eb6e5c-0837-445b-a158-0fbcd55ba141', 'Barbería de Mi Negocio', '2026-02-21T00:34:16.566862+00:00', 'cus_U16L0TcNuZFfBc');
INSERT INTO public.negocios (id, nombre, created_at, stripe_customer_id) VALUES ('f4a60eea-28c5-48dc-aa29-90992c912457', 'Barbería de Mi Negocio', '2026-02-21T00:54:27.337737+00:00', 'cus_U16gc7Vw2qOaDs');
INSERT INTO public.negocios (id, nombre, created_at, stripe_customer_id) VALUES ('571f620d-e322-4f57-859c-117b018a0709', 'Barbería de Mi Negocio', '2026-02-22T06:17:02.929168+00:00', 'cus_U1Z6Lj6mDbLRUC');
INSERT INTO public.negocios (id, nombre, created_at, stripe_customer_id) VALUES ('e37cb0c4-88e0-46f8-8e69-f788e44e8b79', 'Barbería de Mi Negocio', '2026-02-22T06:20:14.357123+00:00', 'cus_U1Z9TIFlj06Oam');
INSERT INTO public.negocios (id, nombre, created_at, stripe_customer_id) VALUES ('bb748a25-fd2f-47f9-b366-901a306c49ec', 'Barbería de Mi Negocio', '2026-02-22T06:22:21.440677+00:00', 'cus_U1ZCdiaM7OGbIl');
INSERT INTO public.negocios (id, nombre, created_at, stripe_customer_id) VALUES ('0e1d7fe8-642a-47f2-99d2-c770485f8432', 'Barbería de Mi Negocio', '2026-02-22T06:26:08.487326+00:00', 'cus_U1ZFOiK5bCaXFN');
INSERT INTO public.negocios (id, nombre, created_at, stripe_customer_id) VALUES ('09c6a27a-f183-4e3c-9381-2b49b08095a3', 'Barbería de Mi Negocio', '2026-02-22T06:27:05.801294+00:00', 'cus_U1ZGJKsYfU8TNH');
INSERT INTO public.negocios (id, nombre, created_at, stripe_customer_id) VALUES ('3d2e1ddf-d0eb-4d5c-bc66-467fd7e7bc69', 'Barbería de Mi Negocio', '2026-02-22T06:31:24.646409+00:00', NULL);
INSERT INTO public.negocios (id, nombre, created_at, stripe_customer_id) VALUES ('97c229d6-48b9-4988-9078-e78a809d264d', 'Barbería de Mi Negocio', '2026-02-22T06:31:28.846308+00:00', NULL);
INSERT INTO public.negocios (id, nombre, created_at, stripe_customer_id) VALUES ('00c73e84-cfab-41f9-978e-649a67d10bf8', 'Barbería de Mi Negocio', '2026-02-22T06:31:31.322555+00:00', 'cus_U1ZLhuUvMuNGP6');
INSERT INTO public.negocios (id, nombre, created_at, stripe_customer_id) VALUES ('8609d9f8-59aa-48ae-8b8b-76e92a925801', 'Barbería de Mi Negocio', '2026-02-22T06:32:34.706808+00:00', NULL);
INSERT INTO public.negocios (id, nombre, created_at, stripe_customer_id) VALUES ('59fe26fa-4a3f-4a27-9652-b3575e247f81', 'Barbería de Mi Negocio', '2026-02-22T06:33:29.129983+00:00', 'cus_U1ZNzCFwXFZ06j');
INSERT INTO public.negocios (id, nombre, created_at, stripe_customer_id) VALUES ('cb83a9fd-5341-4653-8ebd-23c6c024de02', 'Barbería de Mi Negocio', '2026-02-22T06:33:41.707188+00:00', NULL);
INSERT INTO public.negocios (id, nombre, created_at, stripe_customer_id) VALUES ('529aff79-fe66-4f88-9af8-2e0f5b3a31d8', 'Barbería de Mi Negocio', '2026-02-22T06:52:13.99421+00:00', NULL);
INSERT INTO public.negocios (id, nombre, created_at, stripe_customer_id) VALUES ('f688d8e7-2d77-44b5-84fc-cd95729cbbf5', 'Barbería de Mi Negocio', '2026-02-22T06:52:29.370894+00:00', 'cus_U1Zgd8JqQroh4e');
INSERT INTO public.negocios (id, nombre, created_at, stripe_customer_id) VALUES ('999455b7-329a-41d6-b79a-2f205babe435', 'Barbería de Mi Negocio', '2026-02-05T21:48:07.289773+00:00', 'cus_TvRHHA9Nx0vdKF');
INSERT INTO public.negocios (id, nombre, created_at, stripe_customer_id) VALUES ('da539604-a090-4a72-af27-5c20118b64cc', 'Barbería de Mi Negocio', '2026-02-05T21:50:19.84458+00:00', 'cus_TvRKLeHZ1J49uH');
INSERT INTO public.negocios (id, nombre, created_at, stripe_customer_id) VALUES ('8b9c04c4-ce3f-4837-82a7-711cb9db1416', 'Barbería de Mi Negocio', '2026-02-05T21:51:15.068955+00:00', 'cus_TvRKbVfjmZfKai');
INSERT INTO public.negocios (id, nombre, created_at, stripe_customer_id) VALUES ('74514d42-d82b-4c82-a84c-6b2e5b167805', 'Barbería de Mi Negocio', '2026-02-05T21:52:15.178514+00:00', 'cus_TvRL3kkNARN3dG');
INSERT INTO public.negocios (id, nombre, created_at, stripe_customer_id) VALUES ('3639f3ad-99a8-4123-a10d-bc5f4801f1ad', 'Barbería de Oropeza', '2026-02-05T22:05:56.75666+00:00', 'cus_TvRZNVktE0OyhU');
INSERT INTO public.negocios (id, nombre, created_at, stripe_customer_id) VALUES ('68e6dad8-30db-4621-9388-1344a350871b', 'Barbería de Mi Negocio', '2026-02-05T22:07:57.098757+00:00', 'cus_TvRbHs46CM7M3K');
INSERT INTO public.negocios (id, nombre, created_at, stripe_customer_id) VALUES ('3f817a98-feb0-4c38-b1d0-2253558ec909', 'Barbería de Mi Negocio', '2026-02-05T22:09:36.253506+00:00', 'cus_TvRdGPXiUmAZ02');
INSERT INTO public.negocios (id, nombre, created_at, stripe_customer_id) VALUES ('ee809f09-60c5-4315-a972-6643f4120cba', 'Barbería de Mi Negocio', '2026-02-13T17:51:29.250493+00:00', 'cus_TyNHRpcjVLblNG');
INSERT INTO public.negocios (id, nombre, created_at, stripe_customer_id) VALUES ('5ba6667d-19e3-4755-8702-3e9359fc6f56', 'Barbería de Mi Negocio', '2026-02-22T06:53:25.905182+00:00', NULL);
INSERT INTO public.negocios (id, nombre, created_at, stripe_customer_id) VALUES ('9e632a42-2cd0-4f5c-854a-6f6f4ad4ea83', 'Barbería de VictorCan', '2026-02-13T17:52:59.971862+00:00', 'cus_TyNJsAjC2yUmwT');
INSERT INTO public.negocios (id, nombre, created_at, stripe_customer_id) VALUES ('e92a3f72-b9b9-4fc3-9990-42d7d673a7fc', 'Barbería de Mi Negocio', '2026-02-22T06:56:43.168247+00:00', NULL);
INSERT INTO public.negocios (id, nombre, created_at, stripe_customer_id) VALUES ('092fd61e-fce4-4e02-9d83-043292297ad3', 'Barbería de Diego Alberto Solis Baas', '2026-02-20T15:24:33.076394+00:00', 'cus_U25ITnkX4h0QP2');
INSERT INTO public.negocios (id, nombre, created_at, stripe_customer_id) VALUES ('4accbae9-6776-49db-a34e-680dbb30a271', 'Barbería de Emilio Manuel Huchim Peña', '2026-02-23T15:33:53.756947+00:00', 'cus_U25LPkrrnbIsDV');
INSERT INTO public.negocios (id, nombre, created_at, stripe_customer_id) VALUES ('3690118d-1279-49f1-8a3f-44a769f71399', 'Barbería de Kevin vargas', '2026-02-23T16:57:26.220566+00:00', NULL);
INSERT INTO public.negocios (id, nombre, created_at, stripe_customer_id) VALUES ('8ca9eab4-ddb6-44c9-83b3-d90887807fb9', 'EVIDENCIAS_PARCIAL2', '2026-02-28T01:02:46.55101+00:00', NULL);
INSERT INTO public.negocios (id, nombre, created_at, stripe_customer_id) VALUES ('ad4b6f73-8b18-452f-a5d8-09b9a588213a', 'Barbería de Usuario', '2026-03-02T16:17:09.938655+00:00', 'cus_U4iaTFmQ3xvIDx');
INSERT INTO public.negocios (id, nombre, created_at, stripe_customer_id) VALUES ('7946e809-c2b8-488a-8b3a-1a50417de445', 'Barbería de Oscar de Jesus Franco Montalvo', '2026-03-06T04:04:44.331438+00:00', 'cus_U61j5n15IiMn2k');
INSERT INTO public.negocios (id, nombre, created_at, stripe_customer_id) VALUES ('03433a33-d528-423f-8381-270f9723d5c1', 'Barbería de Mi Negocio', '2026-03-06T04:30:48.043818+00:00', NULL);
INSERT INTO public.negocios (id, nombre, created_at, stripe_customer_id) VALUES ('52e6ea44-b93c-45dd-82f2-4837be7255d3', 'Barbería de Usuario', '2026-03-06T04:30:55.666274+00:00', NULL);
INSERT INTO public.negocios (id, nombre, created_at, stripe_customer_id) VALUES ('ec9f73c8-45f1-48e4-9d74-844444d79ebc', 'Barbería de Mercy Nahyely Perera Chable', '2026-03-06T05:04:35.327234+00:00', NULL);
INSERT INTO public.negocios (id, nombre, created_at, stripe_customer_id) VALUES ('cdaaf6b6-c7db-4968-aa93-8f1dfb75a78c', 'Barbería de Emir Corta Pelo', '2026-01-13T21:21:47.908439+00:00', NULL);
INSERT INTO public.negocios (id, nombre, created_at, stripe_customer_id) VALUES ('079f0da1-08d5-4ee1-9ae9-197dd5e54a7f', 'Barbería de Emir2', '2026-02-22T06:59:19.979277+00:00', 'cus_U7XJRCSV8owinf');
INSERT INTO public.negocios (id, nombre, created_at, stripe_customer_id) VALUES ('3acddbff-1608-4e8c-bdc8-950e6847df51', 'Barbería de cesar puerto', '2026-03-08T04:26:16.993548+00:00', 'cus_U7jVARNBwObzis');

-- planes (3 rows)
INSERT INTO public.planes (id, codigo, nombre, precio_mxn, limite_sucursales, limite_empleados_por_sucursal, descripcion, activo) VALUES (3, 'regular', 'Plan Avanzado', 499, 6, 8, 'Negocios en crecimiento', true);
INSERT INTO public.planes (id, codigo, nombre, precio_mxn, limite_sucursales, limite_empleados_por_sucursal, descripcion, activo) VALUES (2, 'basic', 'Plan Básico', 219, 2, 4, 'Emprendedores', true);
INSERT INTO public.planes (id, codigo, nombre, precio_mxn, limite_sucursales, limite_empleados_por_sucursal, descripcion, activo) VALUES (1, 'free', 'Plan Gratuito', 0, 1, 2, 'Prueba gratuita de 7 días', true);

-- sucursales (13 rows)
INSERT INTO public.sucursales (id, negocio_id, nombre, direccion, created_at, cuenta_email, cuenta_password, telefono, stripe_account_id, stripe_onboarding_complete, imagen_url, hora_apertura, hora_cierre, descanso_inicio, descanso_fin, dias_abiertos) VALUES (40, '3639f3ad-99a8-4123-a10d-bc5f4801f1ad', 'Chenku', 'av principal 234', '2026-02-05T22:19:58.193573+00:00', 'Chenku@gmail.com', 'Chenku', NULL, NULL, false, NULL, '09:00:00', '20:00:00', NULL, NULL, ARRAY[1, 2, 3, 4, 5, 6]);
INSERT INTO public.sucursales (id, negocio_id, nombre, direccion, created_at, cuenta_email, cuenta_password, telefono, stripe_account_id, stripe_onboarding_complete, imagen_url, hora_apertura, hora_cierre, descanso_inicio, descanso_fin, dias_abiertos) VALUES (41, '9e632a42-2cd0-4f5c-854a-6f6f4ad4ea83', 'Tixcacal Opichen "barber tixca"', 'Calle 79 num 554 por 36 y 38 tixcacal opichen', '2026-02-13T17:56:24.858725+00:00', 'sucursal1@gmail.com', '123456', '9999968380', NULL, false, NULL, '09:00:00', '20:00:00', NULL, NULL, ARRAY[1, 2, 3, 4, 5, 6]);
INSERT INTO public.sucursales (id, negocio_id, nombre, direccion, created_at, cuenta_email, cuenta_password, telefono, stripe_account_id, stripe_onboarding_complete, imagen_url, hora_apertura, hora_cierre, descanso_inicio, descanso_fin, dias_abiertos) VALUES (42, '092fd61e-fce4-4e02-9d83-043292297ad3', 'Tiresis', 'calle 17', '2026-02-20T15:26:30.757892+00:00', 'aldinalv62@gmail.com', '123456', '9992588620', NULL, false, NULL, '09:00:00', '20:00:00', NULL, NULL, ARRAY[1, 2, 3, 4, 5, 6]);
INSERT INTO public.sucursales (id, negocio_id, nombre, direccion, created_at, cuenta_email, cuenta_password, telefono, stripe_account_id, stripe_onboarding_complete, imagen_url, hora_apertura, hora_cierre, descanso_inicio, descanso_fin, dias_abiertos) VALUES (43, '8ca9eab4-ddb6-44c9-83b3-d90887807fb9', 'Sucursal Evidencias P2', 'Centro', '2026-02-28T01:02:46.55101+00:00', NULL, NULL, '9999999999', NULL, false, NULL, '09:00:00', '20:00:00', NULL, NULL, ARRAY[1, 2, 3, 4, 5, 6]);
INSERT INTO public.sucursales (id, negocio_id, nombre, direccion, created_at, cuenta_email, cuenta_password, telefono, stripe_account_id, stripe_onboarding_complete, imagen_url, hora_apertura, hora_cierre, descanso_inicio, descanso_fin, dias_abiertos) VALUES (44, '3639f3ad-99a8-4123-a10d-bc5f4801f1ad', 'Kopo', 'Av. secundaria 123', '2026-03-02T16:31:37.048935+00:00', 'kopo@gmail.com', 'Kopo123', NULL, NULL, false, NULL, '09:00:00', '20:00:00', NULL, NULL, ARRAY[1, 2, 3, 4, 5, 6]);
INSERT INTO public.sucursales (id, negocio_id, nombre, direccion, created_at, cuenta_email, cuenta_password, telefono, stripe_account_id, stripe_onboarding_complete, imagen_url, hora_apertura, hora_cierre, descanso_inicio, descanso_fin, dias_abiertos) VALUES (45, 'ad4b6f73-8b18-452f-a5d8-09b9a588213a', 'Sur', 'avenida 123', '2026-03-03T17:55:45.141898+00:00', 'Sur@gmail.com', 'Sur123', '999914554231', NULL, false, NULL, '09:00:00', '20:00:00', NULL, NULL, ARRAY[1, 2, 3, 4, 5, 6]);
INSERT INTO public.sucursales (id, negocio_id, nombre, direccion, created_at, cuenta_email, cuenta_password, telefono, stripe_account_id, stripe_onboarding_complete, imagen_url, hora_apertura, hora_cierre, descanso_inicio, descanso_fin, dias_abiertos) VALUES (46, '7946e809-c2b8-488a-8b3a-1a50417de445', 'Barbas y peinados', 'calle 87 numero 44 14 y 15 /', '2026-03-06T04:11:54.130501+00:00', 'papasfritas@gmail.com', 'Salsaypicante2', '221212121212', NULL, false, NULL, '09:00:00', '20:00:00', NULL, NULL, ARRAY[1, 2, 3, 4, 5, 6]);
INSERT INTO public.sucursales (id, negocio_id, nombre, direccion, created_at, cuenta_email, cuenta_password, telefono, stripe_account_id, stripe_onboarding_complete, imagen_url, hora_apertura, hora_cierre, descanso_inicio, descanso_fin, dias_abiertos) VALUES (47, '52e6ea44-b93c-45dd-82f2-4837be7255d3', 'Bella', 'av. 50 sur', '2026-03-06T04:32:56.356611+00:00', 'azennethmoo@gmail.com', '123456', '9997497346', NULL, false, NULL, '09:00:00', '20:00:00', NULL, NULL, ARRAY[1, 2, 3, 4, 5, 6]);
INSERT INTO public.sucursales (id, negocio_id, nombre, direccion, created_at, cuenta_email, cuenta_password, telefono, stripe_account_id, stripe_onboarding_complete, imagen_url, hora_apertura, hora_cierre, descanso_inicio, descanso_fin, dias_abiertos) VALUES (48, 'ec9f73c8-45f1-48e4-9d74-844444d79ebc', 'Barberia Solecito', 'calle 21#74 x14 y 16', '2026-03-06T05:06:08.451732+00:00', 'mercychable.jc24@gmail.com', 'julio24', '9971244454', NULL, false, NULL, '09:00:00', '20:00:00', NULL, NULL, ARRAY[1, 2, 3, 4, 5, 6]);
INSERT INTO public.sucursales (id, negocio_id, nombre, direccion, created_at, cuenta_email, cuenta_password, telefono, stripe_account_id, stripe_onboarding_complete, imagen_url, hora_apertura, hora_cierre, descanso_inicio, descanso_fin, dias_abiertos) VALUES (34, 'cdaaf6b6-c7db-4968-aa93-8f1dfb75a78c', 'Kanasin', 'Calle x', '2026-01-16T19:25:19.923029+00:00', 'Kanasin@gmail.com', '1234567', '9996401720', NULL, false, NULL, '09:00:00', '20:00:00', NULL, NULL, ARRAY[1, 2, 3, 4, 5, 6]);
INSERT INTO public.sucursales (id, negocio_id, nombre, direccion, created_at, cuenta_email, cuenta_password, telefono, stripe_account_id, stripe_onboarding_complete, imagen_url, hora_apertura, hora_cierre, descanso_inicio, descanso_fin, dias_abiertos) VALUES (32, 'cdaaf6b6-c7db-4968-aa93-8f1dfb75a78c', 'Sucursal Centro', 'Calle Centro', '2026-01-16T04:44:00.770959+00:00', 'centro@gmail.com', '1234567', '99999999999999', 'acct_1T5SAoQn7Nu9IdQL', false, 'https://qyyhembukflbxjbctuav.supabase.co/storage/v1/object/public/sucursales/1773121351136_qr_Sucursal_Centro.png', '09:00:00', '20:00:00', NULL, NULL, ARRAY[1, 2, 3, 4, 5, 6]);
INSERT INTO public.sucursales (id, negocio_id, nombre, direccion, created_at, cuenta_email, cuenta_password, telefono, stripe_account_id, stripe_onboarding_complete, imagen_url, hora_apertura, hora_cierre, descanso_inicio, descanso_fin, dias_abiertos) VALUES (33, 'cdaaf6b6-c7db-4968-aa93-8f1dfb75a78c', 'Vergel', 'Calle vergel', '2026-01-16T07:11:13.593029+00:00', 'vergel@gmail.com', '1234567', NULL, NULL, false, NULL, '09:00:00', '20:00:00', NULL, NULL, ARRAY[1, 2, 3, 4, 5, 6]);
INSERT INTO public.sucursales (id, negocio_id, nombre, direccion, created_at, cuenta_email, cuenta_password, telefono, stripe_account_id, stripe_onboarding_complete, imagen_url, hora_apertura, hora_cierre, descanso_inicio, descanso_fin, dias_abiertos) VALUES (39, 'cdaaf6b6-c7db-4968-aa93-8f1dfb75a78c', 'Casa de Eli', 'calle 179a x 92 y 94 san antonio xluch 3', '2026-02-04T16:51:43.111828+00:00', 'eli@gmail.com', '1234567', NULL, NULL, false, NULL, '09:00:00', '20:00:00', NULL, NULL, ARRAY[1, 2, 3, 4, 5, 6]);

-- usuarios_perfiles (28 rows)
INSERT INTO public.usuarios_perfiles (id, nombre, avatar_url, rol, negocio_id, created_at, sucursal_id, email) VALUES ('0d5e4c5e-532b-4455-867a-f15494d4d990', 'Oropeza', NULL, 'dueño', '3639f3ad-99a8-4123-a10d-bc5f4801f1ad', '2026-02-05T21:53:38.524076+00:00', NULL, NULL);
INSERT INTO public.usuarios_perfiles (id, nombre, avatar_url, rol, negocio_id, created_at, sucursal_id, email) VALUES ('f0d6b5ee-ac51-40f1-9220-9f3f580d8eee', 'Usuario', NULL, 'sucursal', '3639f3ad-99a8-4123-a10d-bc5f4801f1ad', '2026-02-05T22:20:00.238371+00:00', 40, NULL);
INSERT INTO public.usuarios_perfiles (id, nombre, avatar_url, rol, negocio_id, created_at, sucursal_id, email) VALUES ('0758b30a-fc0b-4f7a-a3b5-de31d2ea9fc8', 'VictorCan', NULL, 'dueño', '9e632a42-2cd0-4f5c-854a-6f6f4ad4ea83', '2026-02-13T17:51:03.399454+00:00', NULL, NULL);
INSERT INTO public.usuarios_perfiles (id, nombre, avatar_url, rol, negocio_id, created_at, sucursal_id, email) VALUES ('f0cdfca6-145c-4bd0-9807-a31fa1729066', 'Usuario', NULL, 'sucursal', '9e632a42-2cd0-4f5c-854a-6f6f4ad4ea83', '2026-02-13T17:56:26.114715+00:00', 41, NULL);
INSERT INTO public.usuarios_perfiles (id, nombre, avatar_url, rol, negocio_id, created_at, sucursal_id, email) VALUES ('6d0e7cd9-9426-4310-ae24-93e9f4c21a78', 'Diego Alberto Solis Baas', NULL, 'dueño', '092fd61e-fce4-4e02-9d83-043292297ad3', '2026-02-20T15:23:17.531174+00:00', NULL, NULL);
INSERT INTO public.usuarios_perfiles (id, nombre, avatar_url, rol, negocio_id, created_at, sucursal_id, email) VALUES ('2c981e17-73b0-4967-8bc4-79fe069042a8', 'Tiresis', NULL, 'sucursal', '092fd61e-fce4-4e02-9d83-043292297ad3', '2026-02-20T15:26:32.151046+00:00', 42, NULL);
INSERT INTO public.usuarios_perfiles (id, nombre, avatar_url, rol, negocio_id, created_at, sucursal_id, email) VALUES ('5c0da3d6-d6ad-46e0-a4d5-3c4336173104', 'Emir2', NULL, 'dueño', '079f0da1-08d5-4ee1-9ae9-197dd5e54a7f', '2026-02-22T06:56:43.763779+00:00', NULL, NULL);
INSERT INTO public.usuarios_perfiles (id, nombre, avatar_url, rol, negocio_id, created_at, sucursal_id, email) VALUES ('74eb01de-81b6-4314-84c0-3c774677ffbd', 'Emilio Manuel Huchim Peña', NULL, 'dueño', '4accbae9-6776-49db-a34e-680dbb30a271', '2026-02-23T15:31:57.937921+00:00', NULL, NULL);
INSERT INTO public.usuarios_perfiles (id, nombre, avatar_url, rol, negocio_id, created_at, sucursal_id, email) VALUES ('792b791b-68b0-447c-b491-dba4a4ceeb8a', 'Usuario', NULL, 'sucursal', 'cdaaf6b6-c7db-4968-aa93-8f1dfb75a78c', '2026-01-15T14:59:53.982888+00:00', NULL, NULL);
INSERT INTO public.usuarios_perfiles (id, nombre, avatar_url, rol, negocio_id, created_at, sucursal_id, email) VALUES ('4ffa1765-b5bb-4e94-8511-9864f0741e65', 'Usuario', NULL, 'sucursal', 'cdaaf6b6-c7db-4968-aa93-8f1dfb75a78c', '2026-01-16T07:11:15.061069+00:00', 33, NULL);
INSERT INTO public.usuarios_perfiles (id, nombre, avatar_url, rol, negocio_id, created_at, sucursal_id, email) VALUES ('4ac26ad1-35c3-47c4-89af-d9ad00a070ae', 'Kevin vargas', NULL, 'dueño', '3690118d-1279-49f1-8a3f-44a769f71399', '2026-02-23T16:50:56.774505+00:00', NULL, NULL);
INSERT INTO public.usuarios_perfiles (id, nombre, avatar_url, rol, negocio_id, created_at, sucursal_id, email) VALUES ('a3383458-9f7e-4cb2-b727-15d16e7078b2', 'Usuario', NULL, 'sucursal', 'cdaaf6b6-c7db-4968-aa93-8f1dfb75a78c', '2026-01-16T19:25:21.38738+00:00', 34, NULL);
INSERT INTO public.usuarios_perfiles (id, nombre, avatar_url, rol, negocio_id, created_at, sucursal_id, email) VALUES ('6e444a65-2844-465f-9703-78273366f32b', 'Emir3', NULL, 'dueño', NULL, '2026-02-24T04:34:02.281011+00:00', NULL, NULL);
INSERT INTO public.usuarios_perfiles (id, nombre, avatar_url, rol, negocio_id, created_at, sucursal_id, email) VALUES ('b6379ccd-e3fc-4b38-b55c-ff126e0ebf85', 'Emir Montalvo', NULL, 'dueño', NULL, '2026-02-27T14:09:45.299841+00:00', NULL, NULL);
INSERT INTO public.usuarios_perfiles (id, nombre, avatar_url, rol, negocio_id, created_at, sucursal_id, email) VALUES ('e4c8e698-2594-4619-9f62-12ff98fbf140', 'Usuario Evidencias P2', NULL, 'dueño', '8ca9eab4-ddb6-44c9-83b3-d90887807fb9', '2026-02-28T01:02:46.55101+00:00', 43, 'usuario.evidencias@p2.local');
INSERT INTO public.usuarios_perfiles (id, nombre, avatar_url, rol, negocio_id, created_at, sucursal_id, email) VALUES ('a5f5447e-a4e7-4a10-83f8-37c1bdc082b2', 'Usuario', NULL, 'dueño', 'ad4b6f73-8b18-452f-a5d8-09b9a588213a', '2026-02-25T17:17:52.037872+00:00', NULL, NULL);
INSERT INTO public.usuarios_perfiles (id, nombre, avatar_url, rol, negocio_id, created_at, sucursal_id, email) VALUES ('0eaf364c-f8f6-4143-af09-f69e82eec42f', 'Usuario', NULL, 'sucursal', '3639f3ad-99a8-4123-a10d-bc5f4801f1ad', '2026-03-02T16:31:39.461918+00:00', 44, NULL);
INSERT INTO public.usuarios_perfiles (id, nombre, avatar_url, rol, negocio_id, created_at, sucursal_id, email) VALUES ('acdfc12e-a81b-4a0a-abd8-d73bf678e80a', 'Usuario', NULL, 'sucursal', 'ad4b6f73-8b18-452f-a5d8-09b9a588213a', '2026-03-03T17:55:46.516181+00:00', 45, NULL);
INSERT INTO public.usuarios_perfiles (id, nombre, avatar_url, rol, negocio_id, created_at, sucursal_id, email) VALUES ('d9cf7dea-d8e9-4af8-8331-4eead16a762e', 'Oscar de Jesus Franco Montalvo', NULL, 'dueño', '7946e809-c2b8-488a-8b3a-1a50417de445', '2026-03-06T04:02:43.200479+00:00', NULL, NULL);
INSERT INTO public.usuarios_perfiles (id, nombre, avatar_url, rol, negocio_id, created_at, sucursal_id, email) VALUES ('2452f3d2-a7a9-4c84-b2c3-c2e49b545c27', 'Usuario', NULL, 'sucursal', '7946e809-c2b8-488a-8b3a-1a50417de445', '2026-03-06T04:11:56.112211+00:00', 46, NULL);
INSERT INTO public.usuarios_perfiles (id, nombre, avatar_url, rol, negocio_id, created_at, sucursal_id, email) VALUES ('f7ce69ed-68fe-4d7a-8eaa-4e42c86b9d2a', 'Usuario', NULL, 'sucursal', '52e6ea44-b93c-45dd-82f2-4837be7255d3', '2026-03-06T04:30:49.150953+00:00', 47, NULL);
INSERT INTO public.usuarios_perfiles (id, nombre, avatar_url, rol, negocio_id, created_at, sucursal_id, email) VALUES ('4258e76d-46ba-496d-8926-b813db909347', 'Mercy Nahyely Perera Chable', NULL, 'sucursal', 'ec9f73c8-45f1-48e4-9d74-844444d79ebc', '2026-03-06T05:03:10.329068+00:00', 48, NULL);
INSERT INTO public.usuarios_perfiles (id, nombre, avatar_url, rol, negocio_id, created_at, sucursal_id, email) VALUES ('35af6e40-5649-4ab3-b6a4-3df8da54ec44', 'Lirio Stephania Estrella Acosta', NULL, 'dueño', NULL, '2026-03-06T05:43:17.538757+00:00', NULL, NULL);
INSERT INTO public.usuarios_perfiles (id, nombre, avatar_url, rol, negocio_id, created_at, sucursal_id, email) VALUES ('31eb201a-79d3-4241-a4c9-8bb59f4ffac2', 'Emir Montalvo', 'https://qyyhembukflbxjbctuav.supabase.co/storage/v1/object/public/avatars/avatars/31eb201a-79d3-4241-a4c9-8bb59f4ffac2_1770953765077.png', 'dueño', 'cdaaf6b6-c7db-4968-aa93-8f1dfb75a78c', '2026-01-13T21:07:42.929868+00:00', NULL, NULL);
INSERT INTO public.usuarios_perfiles (id, nombre, avatar_url, rol, negocio_id, created_at, sucursal_id, email) VALUES ('b088cd24-a69c-42a4-a224-aa3bb2a48f49', 'Test User', NULL, 'dueño', NULL, '2026-03-10T05:29:09.136174+00:00', NULL, NULL);
INSERT INTO public.usuarios_perfiles (id, nombre, avatar_url, rol, negocio_id, created_at, sucursal_id, email) VALUES ('f6de8dd6-b499-4b8d-82ac-264560f6086a', 'Sucursal Centro', 'https://qyyhembukflbxjbctuav.supabase.co/storage/v1/object/public/avatars/avatars/f6de8dd6-b499-4b8d-82ac-264560f6086a_1769194128122.jpg', 'sucursal', 'cdaaf6b6-c7db-4968-aa93-8f1dfb75a78c', '2026-01-16T04:44:02.113793+00:00', 32, NULL);
INSERT INTO public.usuarios_perfiles (id, nombre, avatar_url, rol, negocio_id, created_at, sucursal_id, email) VALUES ('39b03b23-77cc-4823-bf08-ef39ec4e8dbc', 'cesar puerto', NULL, 'dueño', '3acddbff-1608-4e8c-bdc8-950e6847df51', '2026-03-08T04:24:41.467416+00:00', NULL, NULL);
INSERT INTO public.usuarios_perfiles (id, nombre, avatar_url, rol, negocio_id, created_at, sucursal_id, email) VALUES ('6bd15c65-d229-4904-966c-e4eb9d03d70e', 'Usuario', NULL, 'sucursal', 'cdaaf6b6-c7db-4968-aa93-8f1dfb75a78c', '2026-02-04T16:51:44.515759+00:00', 39, NULL);

-- empleados (14 rows)
INSERT INTO public.empleados (id, negocio_id, sucursal_id, nombre, especialidad, created_at, rol, imagen_url, disponible) VALUES (28, 'cdaaf6b6-c7db-4968-aa93-8f1dfb75a78c', 32, 'Javier', 'Cortes de cabello para mujeres', '2026-03-06T14:39:49.79434+00:00', NULL, NULL, true);
INSERT INTO public.empleados (id, negocio_id, sucursal_id, nombre, especialidad, created_at, rol, imagen_url, disponible) VALUES (11, 'cdaaf6b6-c7db-4968-aa93-8f1dfb75a78c', 32, 'Lara', 'Pedicurista', '2026-01-16T05:25:29.972692+00:00', NULL, NULL, true);
INSERT INTO public.empleados (id, negocio_id, sucursal_id, nombre, especialidad, created_at, rol, imagen_url, disponible) VALUES (10, 'cdaaf6b6-c7db-4968-aa93-8f1dfb75a78c', 32, 'Gabriel', 'Manicurista', '2026-01-16T05:25:07.108404+00:00', NULL, NULL, false);
INSERT INTO public.empleados (id, negocio_id, sucursal_id, nombre, especialidad, created_at, rol, imagen_url, disponible) VALUES (27, 'cdaaf6b6-c7db-4968-aa93-8f1dfb75a78c', 33, 'Gabriel Ku', 'Barba', '2026-03-06T05:53:17.61248+00:00', NULL, NULL, true);
INSERT INTO public.empleados (id, negocio_id, sucursal_id, nombre, especialidad, created_at, rol, imagen_url, disponible) VALUES (18, '3639f3ad-99a8-4123-a10d-bc5f4801f1ad', 40, 'Juan Jose', 'Taper fade', '2026-02-05T22:24:02.304981+00:00', NULL, NULL, true);
INSERT INTO public.empleados (id, negocio_id, sucursal_id, nombre, especialidad, created_at, rol, imagen_url, disponible) VALUES (19, '9e632a42-2cd0-4f5c-854a-6f6f4ad4ea83', 41, 'Victor Can', 'corte barber', '2026-02-13T17:58:11.477717+00:00', NULL, NULL, true);
INSERT INTO public.empleados (id, negocio_id, sucursal_id, nombre, especialidad, created_at, rol, imagen_url, disponible) VALUES (20, '092fd61e-fce4-4e02-9d83-043292297ad3', 42, 'Ricardo Andre Lopez Pech', 'Cortes de cabello ondulado', '2026-02-20T15:30:09.460184+00:00', NULL, NULL, true);
INSERT INTO public.empleados (id, negocio_id, sucursal_id, nombre, especialidad, created_at, rol, imagen_url, disponible) VALUES (21, '092fd61e-fce4-4e02-9d83-043292297ad3', 42, 'Emilio Manuel Huchim Peña', 'Tintes', '2026-02-20T15:30:43.599216+00:00', NULL, NULL, true);
INSERT INTO public.empleados (id, negocio_id, sucursal_id, nombre, especialidad, created_at, rol, imagen_url, disponible) VALUES (22, '8ca9eab4-ddb6-44c9-83b3-d90887807fb9', 43, 'Empleado Evidencias P2', 'Barbería', '2026-02-28T01:02:46.55101+00:00', 'barbero', NULL, true);
INSERT INTO public.empleados (id, negocio_id, sucursal_id, nombre, especialidad, created_at, rol, imagen_url, disponible) VALUES (23, 'ad4b6f73-8b18-452f-a5d8-09b9a588213a', 45, 'Juan Fernando', 'Rebajado', '2026-03-03T23:11:34.909365+00:00', NULL, NULL, true);
INSERT INTO public.empleados (id, negocio_id, sucursal_id, nombre, especialidad, created_at, rol, imagen_url, disponible) VALUES (24, '7946e809-c2b8-488a-8b3a-1a50417de445', 46, 'claudia sheimbaumsium', 'corte extremo y corrupcion', '2026-03-06T04:15:07.724599+00:00', NULL, NULL, true);
INSERT INTO public.empleados (id, negocio_id, sucursal_id, nombre, especialidad, created_at, rol, imagen_url, disponible) VALUES (25, '52e6ea44-b93c-45dd-82f2-4837be7255d3', 47, 'Ana', 'Manicurista', '2026-03-06T04:44:54.906388+00:00', NULL, NULL, true);
INSERT INTO public.empleados (id, negocio_id, sucursal_id, nombre, especialidad, created_at, rol, imagen_url, disponible) VALUES (26, 'ec9f73c8-45f1-48e4-9d74-844444d79ebc', 48, 'Ana Belen Perera Chable', 'Manicuras.', '2026-03-06T05:12:08.885383+00:00', NULL, NULL, true);
INSERT INTO public.empleados (id, negocio_id, sucursal_id, nombre, especialidad, created_at, rol, imagen_url, disponible) VALUES (9, 'cdaaf6b6-c7db-4968-aa93-8f1dfb75a78c', 32, 'Juan', 'Barbero', '2026-01-16T05:24:04.057629+00:00', NULL, 'https://qyyhembukflbxjbctuav.supabase.co/storage/v1/object/public/empleados/1773121510272_ChatGPT_Image_25_jun_2025__19_57_42_removebg_preview.png', true);

-- servicios (16 rows)
INSERT INTO public.servicios (id, negocio_id, sucursal_id, nombre, descripcion, precio_base, duracion_aprox_minutos, created_at, imagen_url, link_pago) VALUES (10, NULL, NULL, 'Corte de Cabello Hombre', NULL, 60, 10, '2026-01-13T21:11:54.280549+00:00', NULL, 'https://buy.stripe.com/test_9B628r43VgeF4RP0spd3i00');
INSERT INTO public.servicios (id, negocio_id, sucursal_id, nombre, descripcion, precio_base, duracion_aprox_minutos, created_at, imagen_url, link_pago) VALUES (32, 'cdaaf6b6-c7db-4968-aa93-8f1dfb75a78c', 32, 'Corte de caballero', 'Taper fade', 75, 30, '2026-03-06T14:40:25.17658+00:00', NULL, NULL);
INSERT INTO public.servicios (id, negocio_id, sucursal_id, nombre, descripcion, precio_base, duracion_aprox_minutos, created_at, imagen_url, link_pago) VALUES (16, 'cdaaf6b6-c7db-4968-aa93-8f1dfb75a78c', 32, 'Pedicura', '', 50, 30, '2026-01-16T05:09:54.092852+00:00', 'https://qyyhembukflbxjbctuav.supabase.co/storage/v1/object/public/servicios/1768540193418_woman_enjoying_pedicure_spa_treatment_at_a_beauty_salon_photo.jpg', 'https://buy.stripe.com/test_9B69ATgQHaUl0Bzejfd3i02');
INSERT INTO public.servicios (id, negocio_id, sucursal_id, nombre, descripcion, precio_base, duracion_aprox_minutos, created_at, imagen_url, link_pago) VALUES (23, '3639f3ad-99a8-4123-a10d-bc5f4801f1ad', NULL, 'Corte de cabello', 'Corte de cabello', 85, 30, '2026-02-05T22:16:06.952812+00:00', NULL, NULL);
INSERT INTO public.servicios (id, negocio_id, sucursal_id, nombre, descripcion, precio_base, duracion_aprox_minutos, created_at, imagen_url, link_pago) VALUES (25, '092fd61e-fce4-4e02-9d83-043292297ad3', 42, 'Corte de pelo Militar', 'Estilo militar clasico', 50, 20, '2026-02-20T15:27:29.030235+00:00', NULL, NULL);
INSERT INTO public.servicios (id, negocio_id, sucursal_id, nombre, descripcion, precio_base, duracion_aprox_minutos, created_at, imagen_url, link_pago) VALUES (26, '092fd61e-fce4-4e02-9d83-043292297ad3', 42, 'Tinte de pelo', 'tinte de pelo moderno aesthetic', 180, 90, '2026-02-20T15:28:42.729232+00:00', 'https://qyyhembukflbxjbctuav.supabase.co/storage/v1/object/public/servicios/1771601236968_WhatsApp_Image_2026_01_13_at_9.51.13_AM.jpeg', NULL);
INSERT INTO public.servicios (id, negocio_id, sucursal_id, nombre, descripcion, precio_base, duracion_aprox_minutos, created_at, imagen_url, link_pago) VALUES (27, '8ca9eab4-ddb6-44c9-83b3-d90887807fb9', 43, 'Servicio Evidencias P2', 'Servicio de prueba para evidencias', 100, 30, '2026-02-28T01:02:46.55101+00:00', NULL, NULL);
INSERT INTO public.servicios (id, negocio_id, sucursal_id, nombre, descripcion, precio_base, duracion_aprox_minutos, created_at, imagen_url, link_pago) VALUES (17, 'cdaaf6b6-c7db-4968-aa93-8f1dfb75a78c', 32, 'was', 'ssww', 20, 30, '2026-01-16T19:29:09.702732+00:00', 'https://qyyhembukflbxjbctuav.supabase.co/storage/v1/object/public/servicios/1768591749127_woman_enjoying_pedicure_spa_treatment_at_a_beauty_salon_photo.jpg', NULL);
INSERT INTO public.servicios (id, negocio_id, sucursal_id, nombre, descripcion, precio_base, duracion_aprox_minutos, created_at, imagen_url, link_pago) VALUES (28, 'ad4b6f73-8b18-452f-a5d8-09b9a588213a', 45, 'Corte de cabello', 'Taper fade', 70, 30, '2026-03-03T23:10:34.518642+00:00', NULL, NULL);
INSERT INTO public.servicios (id, negocio_id, sucursal_id, nombre, descripcion, precio_base, duracion_aprox_minutos, created_at, imagen_url, link_pago) VALUES (29, '7946e809-c2b8-488a-8b3a-1a50417de445', NULL, 'corte extremo', 'corte que te dejara de pelos', 2, 15, '2026-03-06T04:14:01.536553+00:00', 'https://qyyhembukflbxjbctuav.supabase.co/storage/v1/object/public/servicios/1772770441085_wtf.jpg', NULL);
INSERT INTO public.servicios (id, negocio_id, sucursal_id, nombre, descripcion, precio_base, duracion_aprox_minutos, created_at, imagen_url, link_pago) VALUES (30, '52e6ea44-b93c-45dd-82f2-4837be7255d3', 47, 'manicura (gelish, acrilico)', 'aplicacion de acrilico o gelish.', 250, 60, '2026-03-06T04:44:24.548169+00:00', 'https://qyyhembukflbxjbctuav.supabase.co/storage/v1/object/public/servicios/1772772319901_e8dc436e015eaa480c64f6be38e02c4d.jpg', NULL);
INSERT INTO public.servicios (id, negocio_id, sucursal_id, nombre, descripcion, precio_base, duracion_aprox_minutos, created_at, imagen_url, link_pago) VALUES (31, 'ec9f73c8-45f1-48e4-9d74-844444d79ebc', 48, 'Gelish semi permanente', 'Consiste en el cuidado y la estetica de las uñas.', 120, 50, '2026-03-06T05:10:59.017665+00:00', 'https://qyyhembukflbxjbctuav.supabase.co/storage/v1/object/public/servicios/1772773914240_e8dc436e015eaa480c64f6be38e02c4d.jpg', NULL);
INSERT INTO public.servicios (id, negocio_id, sucursal_id, nombre, descripcion, precio_base, duracion_aprox_minutos, created_at, imagen_url, link_pago) VALUES (13, 'cdaaf6b6-c7db-4968-aa93-8f1dfb75a78c', 34, 'Corte de Cabello de Hombre', '', 200, 20, '2026-01-16T05:01:29.4707+00:00', 'https://qyyhembukflbxjbctuav.supabase.co/storage/v1/object/public/servicios/1768539688568_istockphoto_1677718095_612x612.jpg', 'https://buy.stripe.com/test_9B628r43VgeF4RP0spd3i00');
INSERT INTO public.servicios (id, negocio_id, sucursal_id, nombre, descripcion, precio_base, duracion_aprox_minutos, created_at, imagen_url, link_pago) VALUES (14, 'cdaaf6b6-c7db-4968-aa93-8f1dfb75a78c', 32, 'Corte de Cabello Mujer', 'Corte de Cabello para mujer', 150, 30, '2026-01-16T05:03:00.712049+00:00', 'https://qyyhembukflbxjbctuav.supabase.co/storage/v1/object/public/servicios/1768539779089_cortes_de_pelo_de_mujer_segun_el_tipo_de_cara_o_rostro.webp', 'https://buy.stripe.com/test_eVq4gzfMDfaBdoldfbd3i01');
INSERT INTO public.servicios (id, negocio_id, sucursal_id, nombre, descripcion, precio_base, duracion_aprox_minutos, created_at, imagen_url, link_pago) VALUES (15, 'cdaaf6b6-c7db-4968-aa93-8f1dfb75a78c', 34, 'Manicura', '', 50, 30, '2026-01-16T05:08:14.145938+00:00', 'https://qyyhembukflbxjbctuav.supabase.co/storage/v1/object/public/servicios/1768540093329_Tipos_y_tecnicas_de_manicura.jpg', 'https://buy.stripe.com/test_9B69ATgQHaUl0Bzejfd3i02');
INSERT INTO public.servicios (id, negocio_id, sucursal_id, nombre, descripcion, precio_base, duracion_aprox_minutos, created_at, imagen_url, link_pago) VALUES (9, NULL, NULL, 'Corte de Cabello Hombre', NULL, 60, 10, '2026-01-13T21:11:13.6258+00:00', NULL, 'https://buy.stripe.com/test_9B628r43VgeF4RP0spd3i00');

-- clientes_bot (51 rows)
INSERT INTO public.clientes_bot (id, negocio_id, nombre, telefono, chat_id, plataforma, created_at, sucursal_id, email) VALUES (71, 'cdaaf6b6-c7db-4968-aa93-8f1dfb75a78c', NULL, NULL, NULL, 'telegram', '2026-02-05T23:05:00.555563+00:00', NULL, NULL);
INSERT INTO public.clientes_bot (id, negocio_id, nombre, telefono, chat_id, plataforma, created_at, sucursal_id, email) VALUES (72, 'cdaaf6b6-c7db-4968-aa93-8f1dfb75a78c', NULL, NULL, NULL, 'whatsapp', '2026-02-05T23:15:47.819066+00:00', NULL, NULL);
INSERT INTO public.clientes_bot (id, negocio_id, nombre, telefono, chat_id, plataforma, created_at, sucursal_id, email) VALUES (3, 'cdaaf6b6-c7db-4968-aa93-8f1dfb75a78c', 'Samuel', '999999999', NULL, 'manual', '2026-01-16T06:19:08.155734+00:00', 32, NULL);
INSERT INTO public.clientes_bot (id, negocio_id, nombre, telefono, chat_id, plataforma, created_at, sucursal_id, email) VALUES (6, 'cdaaf6b6-c7db-4968-aa93-8f1dfb75a78c', 'emir', '2222222222', 'web_1768558214332', 'web_chat', '2026-01-16T10:10:14.289073+00:00', NULL, NULL);
INSERT INTO public.clientes_bot (id, negocio_id, nombre, telefono, chat_id, plataforma, created_at, sucursal_id, email) VALUES (7, 'cdaaf6b6-c7db-4968-aa93-8f1dfb75a78c', 'Ana', '1111111111', 'web_1768571749690', 'web_chat', '2026-01-16T13:55:49.671922+00:00', NULL, NULL);
INSERT INTO public.clientes_bot (id, negocio_id, nombre, telefono, chat_id, plataforma, created_at, sucursal_id, email) VALUES (8, 'cdaaf6b6-c7db-4968-aa93-8f1dfb75a78c', 'ana2', '4564564567', 'web_1768572354794', 'web_chat', '2026-01-16T14:05:54.686028+00:00', NULL, NULL);
INSERT INTO public.clientes_bot (id, negocio_id, nombre, telefono, chat_id, plataforma, created_at, sucursal_id, email) VALUES (9, 'cdaaf6b6-c7db-4968-aa93-8f1dfb75a78c', 'ana3', '4444444444', 'web_1768572736442', 'web_chat', '2026-01-16T14:12:16.341215+00:00', NULL, NULL);
INSERT INTO public.clientes_bot (id, negocio_id, nombre, telefono, chat_id, plataforma, created_at, sucursal_id, email) VALUES (10, 'cdaaf6b6-c7db-4968-aa93-8f1dfb75a78c', 'Fulanito', '1920368167', 'web_1768573367670', 'web_chat', '2026-01-16T14:22:47.539285+00:00', NULL, NULL);
INSERT INTO public.clientes_bot (id, negocio_id, nombre, telefono, chat_id, plataforma, created_at, sucursal_id, email) VALUES (11, 'cdaaf6b6-c7db-4968-aa93-8f1dfb75a78c', 'prueba', '3333333333', 'web_1768573497446', 'web_chat', '2026-01-16T14:24:57.326161+00:00', NULL, NULL);
INSERT INTO public.clientes_bot (id, negocio_id, nombre, telefono, chat_id, plataforma, created_at, sucursal_id, email) VALUES (12, 'cdaaf6b6-c7db-4968-aa93-8f1dfb75a78c', 'Fulanito', '7777777777', 'web_1768574138567', 'web_chat', '2026-01-16T14:35:38.449299+00:00', NULL, NULL);
INSERT INTO public.clientes_bot (id, negocio_id, nombre, telefono, chat_id, plataforma, created_at, sucursal_id, email) VALUES (73, 'cdaaf6b6-c7db-4968-aa93-8f1dfb75a78c', NULL, NULL, NULL, 'whatsapp', '2026-02-05T23:23:26.080168+00:00', NULL, NULL);
INSERT INTO public.clientes_bot (id, negocio_id, nombre, telefono, chat_id, plataforma, created_at, sucursal_id, email) VALUES (74, 'cdaaf6b6-c7db-4968-aa93-8f1dfb75a78c', NULL, NULL, NULL, 'whatsapp', '2026-02-05T23:35:01.204908+00:00', NULL, NULL);
INSERT INTO public.clientes_bot (id, negocio_id, nombre, telefono, chat_id, plataforma, created_at, sucursal_id, email) VALUES (75, 'cdaaf6b6-c7db-4968-aa93-8f1dfb75a78c', NULL, NULL, NULL, 'whatsapp', '2026-02-05T23:43:56.581768+00:00', NULL, NULL);
INSERT INTO public.clientes_bot (id, negocio_id, nombre, telefono, chat_id, plataforma, created_at, sucursal_id, email) VALUES (76, 'cdaaf6b6-c7db-4968-aa93-8f1dfb75a78c', 'Prueba', '3333333333', NULL, 'manual', '2026-02-06T04:07:39.501465+00:00', 33, NULL);
INSERT INTO public.clientes_bot (id, negocio_id, nombre, telefono, chat_id, plataforma, created_at, sucursal_id, email) VALUES (77, 'cdaaf6b6-c7db-4968-aa93-8f1dfb75a78c', 'Prueba', '2222222222', NULL, 'manual', '2026-02-06T04:09:30.66536+00:00', 32, NULL);
INSERT INTO public.clientes_bot (id, negocio_id, nombre, telefono, chat_id, plataforma, created_at, sucursal_id, email) VALUES (78, 'cdaaf6b6-c7db-4968-aa93-8f1dfb75a78c', 'Prueba1', '123456789', NULL, 'manual', '2026-02-06T18:54:11.893909+00:00', 32, NULL);
INSERT INTO public.clientes_bot (id, negocio_id, nombre, telefono, chat_id, plataforma, created_at, sucursal_id, email) VALUES (62, 'cdaaf6b6-c7db-4968-aa93-8f1dfb75a78c', NULL, NULL, NULL, 'telegram', '2026-02-05T20:12:53.234339+00:00', NULL, NULL);
INSERT INTO public.clientes_bot (id, negocio_id, nombre, telefono, chat_id, plataforma, created_at, sucursal_id, email) VALUES (63, 'cdaaf6b6-c7db-4968-aa93-8f1dfb75a78c', NULL, NULL, NULL, 'whatsapp', '2026-02-05T20:49:12.115574+00:00', NULL, NULL);
INSERT INTO public.clientes_bot (id, negocio_id, nombre, telefono, chat_id, plataforma, created_at, sucursal_id, email) VALUES (13, 'cdaaf6b6-c7db-4968-aa93-8f1dfb75a78c', 'Fulanite', '1234567890', 'web_1768574266019', 'web_chat', '2026-01-16T14:37:45.883236+00:00', NULL, 'emoncan27@gmail.com');
INSERT INTO public.clientes_bot (id, negocio_id, nombre, telefono, chat_id, plataforma, created_at, sucursal_id, email) VALUES (79, 'cdaaf6b6-c7db-4968-aa93-8f1dfb75a78c', NULL, NULL, NULL, 'whatsapp', '2026-02-06T19:00:30.321171+00:00', NULL, NULL);
INSERT INTO public.clientes_bot (id, negocio_id, nombre, telefono, chat_id, plataforma, created_at, sucursal_id, email) VALUES (80, 'cdaaf6b6-c7db-4968-aa93-8f1dfb75a78c', 'Prueba 2', '123456789', NULL, 'manual', '2026-02-06T20:24:47.085344+00:00', 33, NULL);
INSERT INTO public.clientes_bot (id, negocio_id, nombre, telefono, chat_id, plataforma, created_at, sucursal_id, email) VALUES (81, 'cdaaf6b6-c7db-4968-aa93-8f1dfb75a78c', NULL, NULL, NULL, 'whatsapp', '2026-02-10T18:05:55.004983+00:00', NULL, NULL);
INSERT INTO public.clientes_bot (id, negocio_id, nombre, telefono, chat_id, plataforma, created_at, sucursal_id, email) VALUES (82, 'cdaaf6b6-c7db-4968-aa93-8f1dfb75a78c', NULL, NULL, NULL, 'telegram', '2026-02-10T19:11:32.72486+00:00', NULL, NULL);
INSERT INTO public.clientes_bot (id, negocio_id, nombre, telefono, chat_id, plataforma, created_at, sucursal_id, email) VALUES (83, 'cdaaf6b6-c7db-4968-aa93-8f1dfb75a78c', 'Pablo', '9997969321', NULL, 'manual', '2026-02-13T00:12:04.988655+00:00', 33, NULL);
INSERT INTO public.clientes_bot (id, negocio_id, nombre, telefono, chat_id, plataforma, created_at, sucursal_id, email) VALUES (84, 'cdaaf6b6-c7db-4968-aa93-8f1dfb75a78c', 'Pablo', '1234567890', NULL, 'manual', '2026-02-13T00:19:52.841382+00:00', 32, NULL);
INSERT INTO public.clientes_bot (id, negocio_id, nombre, telefono, chat_id, plataforma, created_at, sucursal_id, email) VALUES (85, '9e632a42-2cd0-4f5c-854a-6f6f4ad4ea83', 'Victor can', '9999969696', NULL, 'manual', '2026-02-13T17:57:12.276472+00:00', NULL, NULL);
INSERT INTO public.clientes_bot (id, negocio_id, nombre, telefono, chat_id, plataforma, created_at, sucursal_id, email) VALUES (86, '092fd61e-fce4-4e02-9d83-043292297ad3', 'Diego Alberto Solis Baas', '9992588620', NULL, 'manual', '2026-02-20T15:31:22.957677+00:00', 42, NULL);
INSERT INTO public.clientes_bot (id, negocio_id, nombre, telefono, chat_id, plataforma, created_at, sucursal_id, email) VALUES (87, 'cdaaf6b6-c7db-4968-aa93-8f1dfb75a78c', NULL, NULL, NULL, 'whatsapp', '2026-02-20T15:47:58.349962+00:00', NULL, NULL);
INSERT INTO public.clientes_bot (id, negocio_id, nombre, telefono, chat_id, plataforma, created_at, sucursal_id, email) VALUES (5, 'cdaaf6b6-c7db-4968-aa93-8f1dfb75a78c', 'moncan27@gmail.com', '9999999999', 'web_1768557693479', 'web_chat', '2026-01-16T10:01:33.446088+00:00', NULL, 'emoncan27@gmail.com');
INSERT INTO public.clientes_bot (id, negocio_id, nombre, telefono, chat_id, plataforma, created_at, sucursal_id, email) VALUES (88, '092fd61e-fce4-4e02-9d83-043292297ad3', 'Briana Xool Rimero', '9995436224', NULL, 'manual', '2026-02-24T17:22:51.790238+00:00', 42, NULL);
INSERT INTO public.clientes_bot (id, negocio_id, nombre, telefono, chat_id, plataforma, created_at, sucursal_id, email) VALUES (89, '8ca9eab4-ddb6-44c9-83b3-d90887807fb9', 'Cliente Evidencias P2', '9999999999', NULL, 'manual', '2026-02-28T01:02:46.55101+00:00', 43, 'cliente.evidencias@p2.local');
INSERT INTO public.clientes_bot (id, negocio_id, nombre, telefono, chat_id, plataforma, created_at, sucursal_id, email) VALUES (90, 'cdaaf6b6-c7db-4968-aa93-8f1dfb75a78c', NULL, NULL, NULL, 'whatsapp', '2026-03-03T17:58:49.84744+00:00', NULL, NULL);
INSERT INTO public.clientes_bot (id, negocio_id, nombre, telefono, chat_id, plataforma, created_at, sucursal_id, email) VALUES (91, 'cdaaf6b6-c7db-4968-aa93-8f1dfb75a78c', NULL, NULL, NULL, 'whatsapp', '2026-03-03T18:05:25.18955+00:00', NULL, NULL);
INSERT INTO public.clientes_bot (id, negocio_id, nombre, telefono, chat_id, plataforma, created_at, sucursal_id, email) VALUES (92, 'cdaaf6b6-c7db-4968-aa93-8f1dfb75a78c', NULL, NULL, NULL, 'whatsapp', '2026-03-03T18:08:24.419538+00:00', NULL, NULL);
INSERT INTO public.clientes_bot (id, negocio_id, nombre, telefono, chat_id, plataforma, created_at, sucursal_id, email) VALUES (93, 'cdaaf6b6-c7db-4968-aa93-8f1dfb75a78c', NULL, NULL, NULL, 'whatsapp', '2026-03-03T18:12:53.997824+00:00', NULL, NULL);
INSERT INTO public.clientes_bot (id, negocio_id, nombre, telefono, chat_id, plataforma, created_at, sucursal_id, email) VALUES (94, 'ad4b6f73-8b18-452f-a5d8-09b9a588213a', 'Jesus', '9999345566', NULL, 'manual', '2026-03-03T23:23:21.107401+00:00', NULL, NULL);
INSERT INTO public.clientes_bot (id, negocio_id, nombre, telefono, chat_id, plataforma, created_at, sucursal_id, email) VALUES (64, 'cdaaf6b6-c7db-4968-aa93-8f1dfb75a78c', NULL, NULL, NULL, 'whatsapp', '2026-02-05T20:58:10.861423+00:00', NULL, NULL);
INSERT INTO public.clientes_bot (id, negocio_id, nombre, telefono, chat_id, plataforma, created_at, sucursal_id, email) VALUES (4, 'cdaaf6b6-c7db-4968-aa93-8f1dfb75a78c', 'Emir', '9995405419', 'web_1768556313992', 'web_chat', '2026-01-16T09:38:34.07383+00:00', NULL, 'emoncan27@gmail.com');
INSERT INTO public.clientes_bot (id, negocio_id, nombre, telefono, chat_id, plataforma, created_at, sucursal_id, email) VALUES (95, '7946e809-c2b8-488a-8b3a-1a50417de445', 'noroñito', '8888888888888888', NULL, 'manual', '2026-03-06T04:17:26.160749+00:00', 46, NULL);
INSERT INTO public.clientes_bot (id, negocio_id, nombre, telefono, chat_id, plataforma, created_at, sucursal_id, email) VALUES (96, '52e6ea44-b93c-45dd-82f2-4837be7255d3', 'Andrea', '9997884973', NULL, 'manual', '2026-03-06T04:45:18.28072+00:00', 47, NULL);
INSERT INTO public.clientes_bot (id, negocio_id, nombre, telefono, chat_id, plataforma, created_at, sucursal_id, email) VALUES (97, 'ec9f73c8-45f1-48e4-9d74-844444d79ebc', 'Martha Ofelia Calderon ', '9971302899', NULL, 'manual', '2026-03-06T05:13:03.607566+00:00', NULL, NULL);
INSERT INTO public.clientes_bot (id, negocio_id, nombre, telefono, chat_id, plataforma, created_at, sucursal_id, email) VALUES (98, 'ec9f73c8-45f1-48e4-9d74-844444d79ebc', 'Olivia Zapata Ruelas.', '9992941275', NULL, 'manual', '2026-03-06T05:16:58.65401+00:00', 48, NULL);
INSERT INTO public.clientes_bot (id, negocio_id, nombre, telefono, chat_id, plataforma, created_at, sucursal_id, email) VALUES (99, 'cdaaf6b6-c7db-4968-aa93-8f1dfb75a78c', 'Daniela Martinez', '9992456324', NULL, 'manual', '2026-03-06T05:55:08.487064+00:00', NULL, NULL);
INSERT INTO public.clientes_bot (id, negocio_id, nombre, telefono, chat_id, plataforma, created_at, sucursal_id, email) VALUES (100, 'cdaaf6b6-c7db-4968-aa93-8f1dfb75a78c', 'Alex', '9999101022', NULL, 'manual', '2026-03-06T14:38:58.899886+00:00', 32, NULL);
INSERT INTO public.clientes_bot (id, negocio_id, nombre, telefono, chat_id, plataforma, created_at, sucursal_id, email) VALUES (101, 'cdaaf6b6-c7db-4968-aa93-8f1dfb75a78c', NULL, NULL, NULL, 'whatsapp', '2026-03-06T18:35:28.19925+00:00', NULL, NULL);
INSERT INTO public.clientes_bot (id, negocio_id, nombre, telefono, chat_id, plataforma, created_at, sucursal_id, email) VALUES (102, 'cdaaf6b6-c7db-4968-aa93-8f1dfb75a78c', NULL, NULL, NULL, 'whatsapp', '2026-03-17T17:46:27.463362+00:00', NULL, NULL);
INSERT INTO public.clientes_bot (id, negocio_id, nombre, telefono, chat_id, plataforma, created_at, sucursal_id, email) VALUES (67, 'cdaaf6b6-c7db-4968-aa93-8f1dfb75a78c', NULL, NULL, NULL, 'whatsapp', '2026-02-05T22:14:42.178733+00:00', NULL, NULL);
INSERT INTO public.clientes_bot (id, negocio_id, nombre, telefono, chat_id, plataforma, created_at, sucursal_id, email) VALUES (68, '3639f3ad-99a8-4123-a10d-bc5f4801f1ad', 'Andres', '9988445566', NULL, 'manual', '2026-02-05T22:20:21.028258+00:00', NULL, NULL);
INSERT INTO public.clientes_bot (id, negocio_id, nombre, telefono, chat_id, plataforma, created_at, sucursal_id, email) VALUES (69, 'cdaaf6b6-c7db-4968-aa93-8f1dfb75a78c', NULL, NULL, NULL, 'whatsapp', '2026-02-05T22:24:05.911481+00:00', NULL, NULL);
INSERT INTO public.clientes_bot (id, negocio_id, nombre, telefono, chat_id, plataforma, created_at, sucursal_id, email) VALUES (66, 'cdaaf6b6-c7db-4968-aa93-8f1dfb75a78c', 'Cesar', '5219995846722', '5219995846722', 'whatsapp', '2026-02-05T21:38:46.367109+00:00', NULL, 'cesarpuerto10@gmail.com**');
INSERT INTO public.clientes_bot (id, negocio_id, nombre, telefono, chat_id, plataforma, created_at, sucursal_id, email) VALUES (70, 'cdaaf6b6-c7db-4968-aa93-8f1dfb75a78c', NULL, NULL, NULL, 'whatsapp', '2026-02-05T22:34:08.643911+00:00', NULL, NULL);

-- negocio_suscripciones (44 rows)
INSERT INTO public.negocio_suscripciones (negocio_id, plan_id, estado, fecha_fin_prueba, fecha_fin_periodo, created_at, updated_at, stripe_subscription_id, tipo_chatbot) VALUES ('ee809f09-60c5-4315-a972-6643f4120cba', 2, 'active', '2026-02-20T17:50:10.211+00:00', '2026-03-15T17:54:27.293+00:00', '2026-02-13T17:51:30.258103+00:00', '2026-02-13T17:54:27.293+00:00', 'sub_1T0QZOHsS4CoBuQsOIUS8Mlp', 'web');
INSERT INTO public.negocio_suscripciones (negocio_id, plan_id, estado, fecha_fin_prueba, fecha_fin_periodo, created_at, updated_at, stripe_subscription_id, tipo_chatbot) VALUES ('9e632a42-2cd0-4f5c-854a-6f6f4ad4ea83', 2, 'active', '2026-02-20T17:53:43.957+00:00', '2026-03-15T17:54:41.795+00:00', '2026-02-13T17:53:01.591048+00:00', '2026-02-13T17:54:41.795+00:00', 'sub_1T0QZMHsS4CoBuQsVeLjtDuz', 'web');
INSERT INTO public.negocio_suscripciones (negocio_id, plan_id, estado, fecha_fin_prueba, fecha_fin_periodo, created_at, updated_at, stripe_subscription_id, tipo_chatbot) VALUES ('7a8ba4e9-96b1-45a3-b891-85e2925d66cc', 2, 'active', '2026-02-20T17:53:31.966+00:00', '2026-03-15T17:55:32.35+00:00', '2026-02-13T17:54:51.899106+00:00', '2026-02-13T17:55:32.35+00:00', 'sub_1T0QaRHsS4CoBuQs4qfBNm5h', 'web');
INSERT INTO public.negocio_suscripciones (negocio_id, plan_id, estado, fecha_fin_prueba, fecha_fin_periodo, created_at, updated_at, stripe_subscription_id, tipo_chatbot) VALUES ('23519d2a-b867-4560-9735-9fdc3c7c2faa', 2, 'active', '2026-02-20T17:54:37.349+00:00', '2026-03-15T17:56:44.465+00:00', '2026-02-13T17:55:57.218048+00:00', '2026-02-13T17:56:44.465+00:00', 'sub_1T0QbbHsS4CoBuQs4cnmpzHl', 'web');
INSERT INTO public.negocio_suscripciones (negocio_id, plan_id, estado, fecha_fin_prueba, fecha_fin_periodo, created_at, updated_at, stripe_subscription_id, tipo_chatbot) VALUES ('fc515d9d-5843-4342-a8f3-889201eb6595', 2, 'active', '2026-02-20T17:59:56.232+00:00', '2026-03-15T18:03:48.349+00:00', '2026-02-13T18:01:16.094398+00:00', '2026-02-13T18:03:48.349+00:00', 'sub_1T0QiQHsS4CoBuQskQ2lZEht', 'web');
INSERT INTO public.negocio_suscripciones (negocio_id, plan_id, estado, fecha_fin_prueba, fecha_fin_periodo, created_at, updated_at, stripe_subscription_id, tipo_chatbot) VALUES ('58812d7c-a245-40a5-ba12-2bc60d6dff0b', 2, 'active', '2026-02-20T18:03:49.018+00:00', '2026-03-15T18:06:00.594+00:00', '2026-02-13T18:05:08.852998+00:00', '2026-02-13T18:06:00.594+00:00', 'sub_1T0QkZHsS4CoBuQsZLCzPYYk', 'web');
INSERT INTO public.negocio_suscripciones (negocio_id, plan_id, estado, fecha_fin_prueba, fecha_fin_periodo, created_at, updated_at, stripe_subscription_id, tipo_chatbot) VALUES ('03433a33-d528-423f-8381-270f9723d5c1', 1, 'trialing', '2026-03-13T04:31:44.744+00:00', NULL, '2026-03-06T04:30:48.574231+00:00', '2026-03-06T04:30:48.574231+00:00', NULL, 'web');
INSERT INTO public.negocio_suscripciones (negocio_id, plan_id, estado, fecha_fin_prueba, fecha_fin_periodo, created_at, updated_at, stripe_subscription_id, tipo_chatbot) VALUES ('52e6ea44-b93c-45dd-82f2-4837be7255d3', 1, 'trialing', '2026-03-13T04:31:52.217+00:00', NULL, '2026-03-06T04:30:55.977749+00:00', '2026-03-06T04:30:55.977749+00:00', NULL, 'web');
INSERT INTO public.negocio_suscripciones (negocio_id, plan_id, estado, fecha_fin_prueba, fecha_fin_periodo, created_at, updated_at, stripe_subscription_id, tipo_chatbot) VALUES ('ec9f73c8-45f1-48e4-9d74-844444d79ebc', 1, 'trialing', '2026-03-13T05:05:31.974+00:00', NULL, '2026-03-06T05:04:35.765824+00:00', '2026-03-06T05:04:35.765824+00:00', NULL, 'web');
INSERT INTO public.negocio_suscripciones (negocio_id, plan_id, estado, fecha_fin_prueba, fecha_fin_periodo, created_at, updated_at, stripe_subscription_id, tipo_chatbot) VALUES ('2c57c657-f55b-481b-aab2-1c091cbdd4e8', 2, 'trialing', '2026-02-27T18:38:12.03+00:00', NULL, '2026-02-20T18:38:09.934569+00:00', '2026-02-20T18:38:09.934569+00:00', NULL, 'web');
INSERT INTO public.negocio_suscripciones (negocio_id, plan_id, estado, fecha_fin_prueba, fecha_fin_periodo, created_at, updated_at, stripe_subscription_id, tipo_chatbot) VALUES ('3ed0b654-2eb4-4e33-83cd-b6f79d5057e8', 2, 'trialing', '2026-02-27T18:40:25.556+00:00', NULL, '2026-02-20T18:40:23.416506+00:00', '2026-02-20T18:40:23.416506+00:00', NULL, 'web');
INSERT INTO public.negocio_suscripciones (negocio_id, plan_id, estado, fecha_fin_prueba, fecha_fin_periodo, created_at, updated_at, stripe_subscription_id, tipo_chatbot) VALUES ('b67381f3-d32c-44df-b879-fa2ef17c4265', 2, 'trialing', '2026-02-28T00:32:14.211+00:00', NULL, '2026-02-21T00:32:14.293178+00:00', '2026-02-21T00:32:14.293178+00:00', NULL, 'web');
INSERT INTO public.negocio_suscripciones (negocio_id, plan_id, estado, fecha_fin_prueba, fecha_fin_periodo, created_at, updated_at, stripe_subscription_id, tipo_chatbot) VALUES ('75eb6e5c-0837-445b-a158-0fbcd55ba141', 3, 'trialing', '2026-02-28T00:34:16.878+00:00', NULL, '2026-02-21T00:34:16.945653+00:00', '2026-02-21T00:34:16.945653+00:00', NULL, 'web');
INSERT INTO public.negocio_suscripciones (negocio_id, plan_id, estado, fecha_fin_prueba, fecha_fin_periodo, created_at, updated_at, stripe_subscription_id, tipo_chatbot) VALUES ('f4a60eea-28c5-48dc-aa29-90992c912457', 3, 'trialing', '2026-02-28T00:54:27.621+00:00', NULL, '2026-02-21T00:54:27.672987+00:00', '2026-02-21T00:54:27.672987+00:00', NULL, 'web');
INSERT INTO public.negocio_suscripciones (negocio_id, plan_id, estado, fecha_fin_prueba, fecha_fin_periodo, created_at, updated_at, stripe_subscription_id, tipo_chatbot) VALUES ('cdaaf6b6-c7db-4968-aa93-8f1dfb75a78c', 3, 'active', '2099-12-31T00:00:00+00:00', '2099-12-31T00:00:00+00:00', '2026-01-21T13:46:07.159439+00:00', '2026-01-21T13:46:07.159439+00:00', NULL, 'web');
INSERT INTO public.negocio_suscripciones (negocio_id, plan_id, estado, fecha_fin_prueba, fecha_fin_periodo, created_at, updated_at, stripe_subscription_id, tipo_chatbot) VALUES ('571f620d-e322-4f57-859c-117b018a0709', 2, 'trialing', '2026-03-01T06:17:04.346+00:00', NULL, '2026-02-22T06:17:03.335636+00:00', '2026-02-22T06:17:03.335636+00:00', NULL, 'web');
INSERT INTO public.negocio_suscripciones (negocio_id, plan_id, estado, fecha_fin_prueba, fecha_fin_periodo, created_at, updated_at, stripe_subscription_id, tipo_chatbot) VALUES ('e37cb0c4-88e0-46f8-8e69-f788e44e8b79', 2, 'trialing', '2026-03-01T06:20:15.68+00:00', NULL, '2026-02-22T06:20:14.624107+00:00', '2026-02-22T06:20:14.624107+00:00', NULL, 'web');
INSERT INTO public.negocio_suscripciones (negocio_id, plan_id, estado, fecha_fin_prueba, fecha_fin_periodo, created_at, updated_at, stripe_subscription_id, tipo_chatbot) VALUES ('bb748a25-fd2f-47f9-b366-901a306c49ec', 1, 'active', '2026-03-01T06:22:22.911+00:00', '2026-03-24T06:23:01.472+00:00', '2026-02-22T06:22:21.864795+00:00', '2026-02-22T06:23:01.472+00:00', 'sub_1T3W4CHsS4CoBuQsWjHHovvA', 'web');
INSERT INTO public.negocio_suscripciones (negocio_id, plan_id, estado, fecha_fin_prueba, fecha_fin_periodo, created_at, updated_at, stripe_subscription_id, tipo_chatbot) VALUES ('0e1d7fe8-642a-47f2-99d2-c770485f8432', 1, 'active', '2026-03-01T06:26:09.831+00:00', '2026-03-24T06:26:31.794+00:00', '2026-02-22T06:26:08.774473+00:00', '2026-02-22T06:26:31.794+00:00', 'sub_1T3W7bHsS4CoBuQsOYmVJkvu', 'web');
INSERT INTO public.negocio_suscripciones (negocio_id, plan_id, estado, fecha_fin_prueba, fecha_fin_periodo, created_at, updated_at, stripe_subscription_id, tipo_chatbot) VALUES ('09c6a27a-f183-4e3c-9381-2b49b08095a3', 1, 'active', '2026-03-01T06:27:07.12+00:00', '2026-03-24T06:27:33.138+00:00', '2026-02-22T06:27:06.068128+00:00', '2026-02-22T06:27:33.138+00:00', 'sub_1T3W8bHsS4CoBuQsior9x8h7', 'web');
INSERT INTO public.negocio_suscripciones (negocio_id, plan_id, estado, fecha_fin_prueba, fecha_fin_periodo, created_at, updated_at, stripe_subscription_id, tipo_chatbot) VALUES ('3d2e1ddf-d0eb-4d5c-bc66-467fd7e7bc69', 1, 'trialing', '2026-03-01T06:31:25.966+00:00', NULL, '2026-02-22T06:31:24.908498+00:00', '2026-02-22T06:31:24.908498+00:00', NULL, 'web');
INSERT INTO public.negocio_suscripciones (negocio_id, plan_id, estado, fecha_fin_prueba, fecha_fin_periodo, created_at, updated_at, stripe_subscription_id, tipo_chatbot) VALUES ('97c229d6-48b9-4988-9078-e78a809d264d', 1, 'trialing', '2026-03-01T06:31:30.163+00:00', NULL, '2026-02-22T06:31:29.104619+00:00', '2026-02-22T06:31:29.104619+00:00', NULL, 'web');
INSERT INTO public.negocio_suscripciones (negocio_id, plan_id, estado, fecha_fin_prueba, fecha_fin_periodo, created_at, updated_at, stripe_subscription_id, tipo_chatbot) VALUES ('00c73e84-cfab-41f9-978e-649a67d10bf8', 3, 'active', '2026-03-01T06:31:32.633+00:00', '2026-03-24T06:31:55.185+00:00', '2026-02-22T06:31:31.569996+00:00', '2026-02-22T06:31:55.185+00:00', 'sub_1T3WCoHsS4CoBuQsyMv6V4Co', 'web');
INSERT INTO public.negocio_suscripciones (negocio_id, plan_id, estado, fecha_fin_prueba, fecha_fin_periodo, created_at, updated_at, stripe_subscription_id, tipo_chatbot) VALUES ('8609d9f8-59aa-48ae-8b8b-76e92a925801', 1, 'trialing', '2026-03-01T06:32:36.016+00:00', NULL, '2026-02-22T06:32:34.955928+00:00', '2026-02-22T06:32:34.955928+00:00', NULL, 'web');
INSERT INTO public.negocio_suscripciones (negocio_id, plan_id, estado, fecha_fin_prueba, fecha_fin_periodo, created_at, updated_at, stripe_subscription_id, tipo_chatbot) VALUES ('59fe26fa-4a3f-4a27-9652-b3575e247f81', 2, 'trialing', '2026-03-01T06:33:30.459+00:00', NULL, '2026-02-22T06:33:29.419557+00:00', '2026-02-22T06:33:29.419557+00:00', NULL, 'web');
INSERT INTO public.negocio_suscripciones (negocio_id, plan_id, estado, fecha_fin_prueba, fecha_fin_periodo, created_at, updated_at, stripe_subscription_id, tipo_chatbot) VALUES ('cb83a9fd-5341-4653-8ebd-23c6c024de02', 1, 'trialing', '2026-03-01T06:33:43.032+00:00', NULL, '2026-02-22T06:33:41.994539+00:00', '2026-02-22T06:33:41.994539+00:00', NULL, 'web');
INSERT INTO public.negocio_suscripciones (negocio_id, plan_id, estado, fecha_fin_prueba, fecha_fin_periodo, created_at, updated_at, stripe_subscription_id, tipo_chatbot) VALUES ('529aff79-fe66-4f88-9af8-2e0f5b3a31d8', 1, 'trialing', '2026-03-01T06:52:15.385+00:00', NULL, '2026-02-22T06:52:14.329835+00:00', '2026-02-22T06:52:14.329835+00:00', NULL, 'web');
INSERT INTO public.negocio_suscripciones (negocio_id, plan_id, estado, fecha_fin_prueba, fecha_fin_periodo, created_at, updated_at, stripe_subscription_id, tipo_chatbot) VALUES ('f688d8e7-2d77-44b5-84fc-cd95729cbbf5', 1, 'active', '2026-03-01T06:52:30.696+00:00', '2026-03-24T06:52:57.285+00:00', '2026-02-22T06:52:29.624983+00:00', '2026-02-22T06:52:57.285+00:00', 'sub_1T3WXBHsS4CoBuQs7LCMpT7c', 'web');
INSERT INTO public.negocio_suscripciones (negocio_id, plan_id, estado, fecha_fin_prueba, fecha_fin_periodo, created_at, updated_at, stripe_subscription_id, tipo_chatbot) VALUES ('5ba6667d-19e3-4755-8702-3e9359fc6f56', 1, 'trialing', '2026-03-01T06:53:27.242+00:00', NULL, '2026-02-22T06:53:26.17352+00:00', '2026-02-22T06:53:26.17352+00:00', NULL, 'web');
INSERT INTO public.negocio_suscripciones (negocio_id, plan_id, estado, fecha_fin_prueba, fecha_fin_periodo, created_at, updated_at, stripe_subscription_id, tipo_chatbot) VALUES ('e92a3f72-b9b9-4fc3-9990-42d7d673a7fc', 1, 'trialing', '2026-03-01T06:56:44.488+00:00', NULL, '2026-02-22T06:56:43.415167+00:00', '2026-02-22T06:56:43.415167+00:00', NULL, 'web');
INSERT INTO public.negocio_suscripciones (negocio_id, plan_id, estado, fecha_fin_prueba, fecha_fin_periodo, created_at, updated_at, stripe_subscription_id, tipo_chatbot) VALUES ('092fd61e-fce4-4e02-9d83-043292297ad3', 3, 'active', '2026-02-27T15:23:34.181+00:00', '2026-03-25T15:33:04.625+00:00', '2026-02-20T15:24:33.703582+00:00', '2026-02-23T15:33:04.625+00:00', 'sub_1T4184HsS4CoBuQsSx6KrlBN', 'web');
INSERT INTO public.negocio_suscripciones (negocio_id, plan_id, estado, fecha_fin_prueba, fecha_fin_periodo, created_at, updated_at, stripe_subscription_id, tipo_chatbot) VALUES ('999455b7-329a-41d6-b79a-2f205babe435', 2, 'active', '2026-02-12T21:48:07.201+00:00', '2026-03-07T21:49:38.039+00:00', '2026-02-05T21:48:07.786845+00:00', '2026-02-05T21:49:38.039+00:00', 'sub_1SxaQZHsS4CoBuQsNKpXis1i', 'web');
INSERT INTO public.negocio_suscripciones (negocio_id, plan_id, estado, fecha_fin_prueba, fecha_fin_periodo, created_at, updated_at, stripe_subscription_id, tipo_chatbot) VALUES ('da539604-a090-4a72-af27-5c20118b64cc', 2, 'active', '2026-02-12T21:50:19.638+00:00', '2026-03-07T21:50:44.974+00:00', '2026-02-05T21:50:20.181632+00:00', '2026-02-05T21:50:44.974+00:00', 'sub_1SxaReHsS4CoBuQs2DY4DolV', 'web');
INSERT INTO public.negocio_suscripciones (negocio_id, plan_id, estado, fecha_fin_prueba, fecha_fin_periodo, created_at, updated_at, stripe_subscription_id, tipo_chatbot) VALUES ('8b9c04c4-ce3f-4837-82a7-711cb9db1416', 2, 'active', '2026-02-12T21:51:14.858+00:00', '2026-03-07T21:51:39.321+00:00', '2026-02-05T21:51:15.396732+00:00', '2026-02-05T21:51:39.321+00:00', 'sub_1SxaSWHsS4CoBuQsU51jL2Ts', 'web');
INSERT INTO public.negocio_suscripciones (negocio_id, plan_id, estado, fecha_fin_prueba, fecha_fin_periodo, created_at, updated_at, stripe_subscription_id, tipo_chatbot) VALUES ('74514d42-d82b-4c82-a84c-6b2e5b167805', 2, 'active', '2026-02-12T21:52:14.99+00:00', '2026-03-07T21:52:31.832+00:00', '2026-02-05T21:52:15.53056+00:00', '2026-02-05T21:52:31.832+00:00', 'sub_1SxaTNHsS4CoBuQsPu8zsKf2', 'web');
INSERT INTO public.negocio_suscripciones (negocio_id, plan_id, estado, fecha_fin_prueba, fecha_fin_periodo, created_at, updated_at, stripe_subscription_id, tipo_chatbot) VALUES ('3639f3ad-99a8-4123-a10d-bc5f4801f1ad', 2, 'active', '2026-02-12T22:05:56.634+00:00', '2026-03-07T22:07:14.483+00:00', '2026-02-05T22:05:57.154709+00:00', '2026-02-05T22:07:14.483+00:00', 'sub_1SxahcHsS4CoBuQstYssic4Y', 'web');
INSERT INTO public.negocio_suscripciones (negocio_id, plan_id, estado, fecha_fin_prueba, fecha_fin_periodo, created_at, updated_at, stripe_subscription_id, tipo_chatbot) VALUES ('68e6dad8-30db-4621-9388-1344a350871b', 2, 'active', '2026-02-12T22:07:56.924+00:00', '2026-03-07T22:08:28.177+00:00', '2026-02-05T22:07:57.452176+00:00', '2026-02-05T22:08:28.177+00:00', 'sub_1SxainHsS4CoBuQsT6lKiClX', 'web');
INSERT INTO public.negocio_suscripciones (negocio_id, plan_id, estado, fecha_fin_prueba, fecha_fin_periodo, created_at, updated_at, stripe_subscription_id, tipo_chatbot) VALUES ('3f817a98-feb0-4c38-b1d0-2253558ec909', 2, 'trial', '2026-02-12T22:09:36.063+00:00', NULL, '2026-02-05T22:09:36.574758+00:00', '2026-02-05T22:09:36.574758+00:00', NULL, 'web');
INSERT INTO public.negocio_suscripciones (negocio_id, plan_id, estado, fecha_fin_prueba, fecha_fin_periodo, created_at, updated_at, stripe_subscription_id, tipo_chatbot) VALUES ('7946e809-c2b8-488a-8b3a-1a50417de445', 3, 'active', '2026-03-13T04:04:44.977+00:00', '2026-04-05T04:08:48.663+00:00', '2026-03-06T04:04:44.885528+00:00', '2026-03-10T00:13:48.65077+00:00', 'sub_1T7pguHsS4CoBuQsOyP09fEE', 'web');
INSERT INTO public.negocio_suscripciones (negocio_id, plan_id, estado, fecha_fin_prueba, fecha_fin_periodo, created_at, updated_at, stripe_subscription_id, tipo_chatbot) VALUES ('4accbae9-6776-49db-a34e-680dbb30a271', 1, 'active', '2026-03-02T15:33:52.583+00:00', '2026-03-25T15:36:49.875+00:00', '2026-02-23T15:33:54.393527+00:00', '2026-02-23T15:36:49.875+00:00', 'sub_1T41BhHsS4CoBuQs3RAlenuD', 'web');
INSERT INTO public.negocio_suscripciones (negocio_id, plan_id, estado, fecha_fin_prueba, fecha_fin_periodo, created_at, updated_at, stripe_subscription_id, tipo_chatbot) VALUES ('3690118d-1279-49f1-8a3f-44a769f71399', 1, 'trialing', '2026-03-02T16:57:26.333+00:00', NULL, '2026-02-23T16:57:26.786748+00:00', '2026-02-23T16:57:26.786748+00:00', NULL, 'web');
INSERT INTO public.negocio_suscripciones (negocio_id, plan_id, estado, fecha_fin_prueba, fecha_fin_periodo, created_at, updated_at, stripe_subscription_id, tipo_chatbot) VALUES ('ad4b6f73-8b18-452f-a5d8-09b9a588213a', 2, 'trial', '2026-03-09T16:17:10.872+00:00', NULL, '2026-03-02T16:17:11.001783+00:00', '2026-03-02T16:17:11.001783+00:00', NULL, 'web');
INSERT INTO public.negocio_suscripciones (negocio_id, plan_id, estado, fecha_fin_prueba, fecha_fin_periodo, created_at, updated_at, stripe_subscription_id, tipo_chatbot) VALUES ('079f0da1-08d5-4ee1-9ae9-197dd5e54a7f', 2, 'active', '2026-03-01T06:59:21.302+00:00', '2026-04-09T04:52:18.33+00:00', '2026-02-22T06:59:20.229194+00:00', '2026-03-10T04:52:18.33+00:00', 'sub_1T9IHBHsS4CoBuQs8SD1Twn0', 'web');
INSERT INTO public.negocio_suscripciones (negocio_id, plan_id, estado, fecha_fin_prueba, fecha_fin_periodo, created_at, updated_at, stripe_subscription_id, tipo_chatbot) VALUES ('3acddbff-1608-4e8c-bdc8-950e6847df51', 3, 'active', '2026-03-15T19:46:49.194+00:00', '2026-04-09T17:25:48.399+00:00', '2026-03-08T04:26:17.548968+00:00', '2026-03-10T17:25:48.399+00:00', 'sub_1T9U2OHsS4CoBuQsPYLLR06l', 'web');

-- citas (48 rows)
INSERT INTO public.citas (id, negocio_id, sucursal_id, empleado_id, cliente_id, nombre_cliente_manual, fecha_hora_inicio, fecha_hora_fin, estado, tipo, auto_cancelada, created_at, telefono, servicio, aviso_20min, aviso_hora, total_pagado, fecha_completado, descripcion, fotos_referencia, estado_pago, stripe_payment_intent_id, stripe_session_id, monto_total, cliente_email) VALUES (74, '3639f3ad-99a8-4123-a10d-bc5f4801f1ad', 40, 18, 68, NULL, '2026-02-13T15:00:22.672+00:00', '2026-02-13T15:30:22.672+00:00', 'pendiente', 'cita', false, '2026-02-13T14:36:15.697545+00:00', NULL, NULL, false, false, 0, NULL, NULL, NULL, 'pendiente', NULL, NULL, NULL, NULL);
INSERT INTO public.citas (id, negocio_id, sucursal_id, empleado_id, cliente_id, nombre_cliente_manual, fecha_hora_inicio, fecha_hora_fin, estado, tipo, auto_cancelada, created_at, telefono, servicio, aviso_20min, aviso_hora, total_pagado, fecha_completado, descripcion, fotos_referencia, estado_pago, stripe_payment_intent_id, stripe_session_id, monto_total, cliente_email) VALUES (57, 'cdaaf6b6-c7db-4968-aa93-8f1dfb75a78c', 32, 9, 66, NULL, NULL, NULL, 'pendiente_pago', 'cita', false, '2026-02-05T22:31:11.974199+00:00', NULL, 'Corte de Cabello de Hombre', false, false, 0, NULL, NULL, NULL, 'pendiente', NULL, NULL, 60, NULL);
INSERT INTO public.citas (id, negocio_id, sucursal_id, empleado_id, cliente_id, nombre_cliente_manual, fecha_hora_inicio, fecha_hora_fin, estado, tipo, auto_cancelada, created_at, telefono, servicio, aviso_20min, aviso_hora, total_pagado, fecha_completado, descripcion, fotos_referencia, estado_pago, stripe_payment_intent_id, stripe_session_id, monto_total, cliente_email) VALUES (58, 'cdaaf6b6-c7db-4968-aa93-8f1dfb75a78c', 32, 9, 70, NULL, '2026-02-08T14:00:00+00:00', NULL, 'pendiente_pago', 'cita', false, '2026-02-05T22:34:08.895175+00:00', '5219995846722', 'Corte de Cabello de Hombre', false, false, 0, NULL, NULL, NULL, 'pendiente', NULL, NULL, 60, NULL);
INSERT INTO public.citas (id, negocio_id, sucursal_id, empleado_id, cliente_id, nombre_cliente_manual, fecha_hora_inicio, fecha_hora_fin, estado, tipo, auto_cancelada, created_at, telefono, servicio, aviso_20min, aviso_hora, total_pagado, fecha_completado, descripcion, fotos_referencia, estado_pago, stripe_payment_intent_id, stripe_session_id, monto_total, cliente_email) VALUES (60, 'cdaaf6b6-c7db-4968-aa93-8f1dfb75a78c', 32, 9, 71, NULL, '2026-02-10T16:00:00+00:00', NULL, 'pendiente_pago', 'cita', false, '2026-02-05T23:05:00.795682+00:00', NULL, 'Corte de Cabello de Hombre', false, false, 0, NULL, NULL, NULL, 'pendiente', NULL, NULL, 60, NULL);
INSERT INTO public.citas (id, negocio_id, sucursal_id, empleado_id, cliente_id, nombre_cliente_manual, fecha_hora_inicio, fecha_hora_fin, estado, tipo, auto_cancelada, created_at, telefono, servicio, aviso_20min, aviso_hora, total_pagado, fecha_completado, descripcion, fotos_referencia, estado_pago, stripe_payment_intent_id, stripe_session_id, monto_total, cliente_email) VALUES (76, '092fd61e-fce4-4e02-9d83-043292297ad3', 42, NULL, 86, NULL, '2026-02-23T17:00:00+00:00', '2026-02-23T17:20:00+00:00', 'pendiente_pago', 'cita', false, '2026-02-20T15:33:37.765746+00:00', NULL, NULL, false, false, 0, NULL, NULL, NULL, 'pendiente', NULL, NULL, NULL, NULL);
INSERT INTO public.citas (id, negocio_id, sucursal_id, empleado_id, cliente_id, nombre_cliente_manual, fecha_hora_inicio, fecha_hora_fin, estado, tipo, auto_cancelada, created_at, telefono, servicio, aviso_20min, aviso_hora, total_pagado, fecha_completado, descripcion, fotos_referencia, estado_pago, stripe_payment_intent_id, stripe_session_id, monto_total, cliente_email) VALUES (62, 'cdaaf6b6-c7db-4968-aa93-8f1dfb75a78c', 32, 9, 73, NULL, '2026-02-07T19:00:00+00:00', NULL, 'pendiente_pago', 'cita', false, '2026-02-05T23:23:26.315236+00:00', '5219995405419', 'Corte de Cabello de Hombre', false, false, 0, NULL, NULL, NULL, 'pendiente', NULL, NULL, 60, NULL);
INSERT INTO public.citas (id, negocio_id, sucursal_id, empleado_id, cliente_id, nombre_cliente_manual, fecha_hora_inicio, fecha_hora_fin, estado, tipo, auto_cancelada, created_at, telefono, servicio, aviso_20min, aviso_hora, total_pagado, fecha_completado, descripcion, fotos_referencia, estado_pago, stripe_payment_intent_id, stripe_session_id, monto_total, cliente_email) VALUES (63, 'cdaaf6b6-c7db-4968-aa93-8f1dfb75a78c', 32, 9, 74, NULL, '2026-02-07T20:00:00+00:00', NULL, 'pendiente_pago', 'cita', false, '2026-02-05T23:35:01.4238+00:00', '5219995405419', 'Corte de Cabello de Hombre', false, false, 0, NULL, NULL, NULL, 'pendiente', NULL, NULL, 60, NULL);
INSERT INTO public.citas (id, negocio_id, sucursal_id, empleado_id, cliente_id, nombre_cliente_manual, fecha_hora_inicio, fecha_hora_fin, estado, tipo, auto_cancelada, created_at, telefono, servicio, aviso_20min, aviso_hora, total_pagado, fecha_completado, descripcion, fotos_referencia, estado_pago, stripe_payment_intent_id, stripe_session_id, monto_total, cliente_email) VALUES (64, 'cdaaf6b6-c7db-4968-aa93-8f1dfb75a78c', 32, 9, 75, NULL, '2026-02-06T21:30:00+00:00', NULL, 'pendiente_pago', 'cita', false, '2026-02-05T23:43:56.825649+00:00', '5219995405419', 'Corte de Cabello de Hombre', false, false, 0, NULL, NULL, NULL, 'pendiente', NULL, NULL, 60, NULL);
INSERT INTO public.citas (id, negocio_id, sucursal_id, empleado_id, cliente_id, nombre_cliente_manual, fecha_hora_inicio, fecha_hora_fin, estado, tipo, auto_cancelada, created_at, telefono, servicio, aviso_20min, aviso_hora, total_pagado, fecha_completado, descripcion, fotos_referencia, estado_pago, stripe_payment_intent_id, stripe_session_id, monto_total, cliente_email) VALUES (65, 'cdaaf6b6-c7db-4968-aa93-8f1dfb75a78c', 32, NULL, 77, NULL, '2026-10-02T16:00:00+00:00', '2026-10-02T16:50:00+00:00', 'pendiente', 'cita', false, '2026-02-06T04:09:44.53051+00:00', NULL, NULL, false, false, 0, NULL, NULL, NULL, 'pendiente', NULL, NULL, NULL, NULL);
INSERT INTO public.citas (id, negocio_id, sucursal_id, empleado_id, cliente_id, nombre_cliente_manual, fecha_hora_inicio, fecha_hora_fin, estado, tipo, auto_cancelada, created_at, telefono, servicio, aviso_20min, aviso_hora, total_pagado, fecha_completado, descripcion, fotos_referencia, estado_pago, stripe_payment_intent_id, stripe_session_id, monto_total, cliente_email) VALUES (66, 'cdaaf6b6-c7db-4968-aa93-8f1dfb75a78c', 32, NULL, 78, NULL, '2026-02-06T22:00:27.124+00:00', '2026-02-06T22:50:27.124+00:00', 'pendiente', 'cita', false, '2026-02-06T18:54:20.546207+00:00', NULL, NULL, false, false, 0, NULL, NULL, NULL, 'pendiente', NULL, NULL, NULL, NULL);
INSERT INTO public.citas (id, negocio_id, sucursal_id, empleado_id, cliente_id, nombre_cliente_manual, fecha_hora_inicio, fecha_hora_fin, estado, tipo, auto_cancelada, created_at, telefono, servicio, aviso_20min, aviso_hora, total_pagado, fecha_completado, descripcion, fotos_referencia, estado_pago, stripe_payment_intent_id, stripe_session_id, monto_total, cliente_email) VALUES (67, 'cdaaf6b6-c7db-4968-aa93-8f1dfb75a78c', 32, 9, 79, NULL, '2026-02-07T21:00:00+00:00', NULL, 'pendiente_pago', 'cita', false, '2026-02-06T19:00:30.530932+00:00', '5219995846722', 'Corte de Cabello de Hombre', false, false, 0, NULL, NULL, NULL, 'pendiente', NULL, NULL, NULL, NULL);
INSERT INTO public.citas (id, negocio_id, sucursal_id, empleado_id, cliente_id, nombre_cliente_manual, fecha_hora_inicio, fecha_hora_fin, estado, tipo, auto_cancelada, created_at, telefono, servicio, aviso_20min, aviso_hora, total_pagado, fecha_completado, descripcion, fotos_referencia, estado_pago, stripe_payment_intent_id, stripe_session_id, monto_total, cliente_email) VALUES (68, 'cdaaf6b6-c7db-4968-aa93-8f1dfb75a78c', 32, 9, 81, NULL, '2026-02-11T21:00:00+00:00', NULL, 'pendiente_pago', 'cita', false, '2026-02-10T18:05:55.237425+00:00', '5219995405419', 'Corte de Cabello de Hombre', false, false, 0, NULL, NULL, NULL, 'pendiente', NULL, NULL, NULL, NULL);
INSERT INTO public.citas (id, negocio_id, sucursal_id, empleado_id, cliente_id, nombre_cliente_manual, fecha_hora_inicio, fecha_hora_fin, estado, tipo, auto_cancelada, created_at, telefono, servicio, aviso_20min, aviso_hora, total_pagado, fecha_completado, descripcion, fotos_referencia, estado_pago, stripe_payment_intent_id, stripe_session_id, monto_total, cliente_email) VALUES (69, 'cdaaf6b6-c7db-4968-aa93-8f1dfb75a78c', 32, 9, 82, NULL, '2026-02-10T21:00:00+00:00', NULL, 'pendiente_pago', 'cita', false, '2026-02-10T19:11:32.96831+00:00', '5836065732', 'Corte de Cabello de Hombre', false, false, 0, NULL, NULL, NULL, 'pendiente', NULL, NULL, NULL, NULL);
INSERT INTO public.citas (id, negocio_id, sucursal_id, empleado_id, cliente_id, nombre_cliente_manual, fecha_hora_inicio, fecha_hora_fin, estado, tipo, auto_cancelada, created_at, telefono, servicio, aviso_20min, aviso_hora, total_pagado, fecha_completado, descripcion, fotos_referencia, estado_pago, stripe_payment_intent_id, stripe_session_id, monto_total, cliente_email) VALUES (70, 'cdaaf6b6-c7db-4968-aa93-8f1dfb75a78c', 32, NULL, 84, NULL, '2026-02-13T01:00:21.622+00:00', '2026-02-13T01:50:21.622+00:00', 'cancelada', 'cita', false, '2026-02-13T00:20:20.631689+00:00', NULL, NULL, false, false, 0, NULL, NULL, NULL, 'pendiente', NULL, NULL, NULL, NULL);
INSERT INTO public.citas (id, negocio_id, sucursal_id, empleado_id, cliente_id, nombre_cliente_manual, fecha_hora_inicio, fecha_hora_fin, estado, tipo, auto_cancelada, created_at, telefono, servicio, aviso_20min, aviso_hora, total_pagado, fecha_completado, descripcion, fotos_referencia, estado_pago, stripe_payment_intent_id, stripe_session_id, monto_total, cliente_email) VALUES (59, 'cdaaf6b6-c7db-4968-aa93-8f1dfb75a78c', 32, 9, 5, NULL, '2026-02-06T15:00:00+00:00', NULL, 'completada', 'cita', false, '2026-02-05T22:52:35.94452+00:00', '5219995405419', 'Corte de Cabello de Hombre', false, false, 0, '2026-02-13T03:37:35.762+00:00', NULL, NULL, 'pendiente', NULL, NULL, 60, NULL);
INSERT INTO public.citas (id, negocio_id, sucursal_id, empleado_id, cliente_id, nombre_cliente_manual, fecha_hora_inicio, fecha_hora_fin, estado, tipo, auto_cancelada, created_at, telefono, servicio, aviso_20min, aviso_hora, total_pagado, fecha_completado, descripcion, fotos_referencia, estado_pago, stripe_payment_intent_id, stripe_session_id, monto_total, cliente_email) VALUES (77, 'cdaaf6b6-c7db-4968-aa93-8f1dfb75a78c', 32, 9, 87, NULL, '2026-02-20T18:00:00+00:00', NULL, 'pendiente_pago', 'cita', false, '2026-02-20T15:47:58.575886+00:00', '5219995405419', 'Corte de Cabello de Hombre', false, false, 0, NULL, NULL, NULL, 'pendiente', NULL, NULL, NULL, NULL);
INSERT INTO public.citas (id, negocio_id, sucursal_id, empleado_id, cliente_id, nombre_cliente_manual, fecha_hora_inicio, fecha_hora_fin, estado, tipo, auto_cancelada, created_at, telefono, servicio, aviso_20min, aviso_hora, total_pagado, fecha_completado, descripcion, fotos_referencia, estado_pago, stripe_payment_intent_id, stripe_session_id, monto_total, cliente_email) VALUES (61, 'cdaaf6b6-c7db-4968-aa93-8f1dfb75a78c', 32, 9, 72, NULL, '2026-02-07T12:00:00+00:00', NULL, 'completada', 'cita', false, '2026-02-05T23:15:48.081864+00:00', '5219995405419', 'Corte de Cabello de Hombre', false, false, 0, '2026-02-13T04:41:03.523+00:00', NULL, NULL, 'pagado', NULL, NULL, 60, NULL);
INSERT INTO public.citas (id, negocio_id, sucursal_id, empleado_id, cliente_id, nombre_cliente_manual, fecha_hora_inicio, fecha_hora_fin, estado, tipo, auto_cancelada, created_at, telefono, servicio, aviso_20min, aviso_hora, total_pagado, fecha_completado, descripcion, fotos_referencia, estado_pago, stripe_payment_intent_id, stripe_session_id, monto_total, cliente_email) VALUES (71, 'cdaaf6b6-c7db-4968-aa93-8f1dfb75a78c', 32, NULL, 84, NULL, '2026-02-13T16:44:00+00:00', '2026-02-13T17:04:00+00:00', 'completada', 'cita', false, '2026-02-13T04:44:29.121253+00:00', NULL, NULL, false, false, 60, '2026-02-13T04:44:51.057+00:00', NULL, NULL, 'pendiente', NULL, NULL, NULL, NULL);
INSERT INTO public.citas (id, negocio_id, sucursal_id, empleado_id, cliente_id, nombre_cliente_manual, fecha_hora_inicio, fecha_hora_fin, estado, tipo, auto_cancelada, created_at, telefono, servicio, aviso_20min, aviso_hora, total_pagado, fecha_completado, descripcion, fotos_referencia, estado_pago, stripe_payment_intent_id, stripe_session_id, monto_total, cliente_email) VALUES (72, 'cdaaf6b6-c7db-4968-aa93-8f1dfb75a78c', 32, 9, 84, NULL, '2026-02-13T16:47:00+00:00', '2026-02-13T17:07:00+00:00', 'cancelada', 'cita', false, '2026-02-13T04:48:08.570472+00:00', NULL, NULL, false, false, 0, NULL, NULL, NULL, 'pendiente', NULL, NULL, NULL, NULL);
INSERT INTO public.citas (id, negocio_id, sucursal_id, empleado_id, cliente_id, nombre_cliente_manual, fecha_hora_inicio, fecha_hora_fin, estado, tipo, auto_cancelada, created_at, telefono, servicio, aviso_20min, aviso_hora, total_pagado, fecha_completado, descripcion, fotos_referencia, estado_pago, stripe_payment_intent_id, stripe_session_id, monto_total, cliente_email) VALUES (73, 'cdaaf6b6-c7db-4968-aa93-8f1dfb75a78c', 32, NULL, 78, NULL, '2026-02-13T16:49:00+00:00', '2026-02-13T17:09:00+00:00', 'completada', 'cita', false, '2026-02-13T04:52:13.543412+00:00', NULL, NULL, false, false, 60, '2026-02-13T05:07:39.012+00:00', NULL, NULL, 'pagado', NULL, NULL, NULL, NULL);
INSERT INTO public.citas (id, negocio_id, sucursal_id, empleado_id, cliente_id, nombre_cliente_manual, fecha_hora_inicio, fecha_hora_fin, estado, tipo, auto_cancelada, created_at, telefono, servicio, aviso_20min, aviso_hora, total_pagado, fecha_completado, descripcion, fotos_referencia, estado_pago, stripe_payment_intent_id, stripe_session_id, monto_total, cliente_email) VALUES (92, '7946e809-c2b8-488a-8b3a-1a50417de445', 46, 24, 95, NULL, '2026-09-04T04:25:00+00:00', '2026-09-04T04:40:00+00:00', 'pendiente_pago', 'cita', false, '2026-03-06T04:25:59.594105+00:00', NULL, NULL, false, false, 0, NULL, NULL, NULL, 'pendiente', NULL, NULL, NULL, NULL);
INSERT INTO public.citas (id, negocio_id, sucursal_id, empleado_id, cliente_id, nombre_cliente_manual, fecha_hora_inicio, fecha_hora_fin, estado, tipo, auto_cancelada, created_at, telefono, servicio, aviso_20min, aviso_hora, total_pagado, fecha_completado, descripcion, fotos_referencia, estado_pago, stripe_payment_intent_id, stripe_session_id, monto_total, cliente_email) VALUES (78, 'cdaaf6b6-c7db-4968-aa93-8f1dfb75a78c', 32, 10, 5, NULL, '2026-02-20T19:00:00+00:00', NULL, 'completada', 'cita', false, '2026-02-20T16:55:03.207531+00:00', '5219995405419', 'Manicura', false, false, 0, '2026-02-20T16:57:11.207+00:00', NULL, NULL, 'pagado', NULL, NULL, NULL, NULL);
INSERT INTO public.citas (id, negocio_id, sucursal_id, empleado_id, cliente_id, nombre_cliente_manual, fecha_hora_inicio, fecha_hora_fin, estado, tipo, auto_cancelada, created_at, telefono, servicio, aviso_20min, aviso_hora, total_pagado, fecha_completado, descripcion, fotos_referencia, estado_pago, stripe_payment_intent_id, stripe_session_id, monto_total, cliente_email) VALUES (75, 'cdaaf6b6-c7db-4968-aa93-8f1dfb75a78c', 32, NULL, 84, NULL, '2026-02-13T15:00:30.985+00:00', '2026-02-13T15:30:30.985+00:00', 'completada', 'cita', false, '2026-02-13T14:39:01.716549+00:00', NULL, NULL, false, false, 50, '2026-02-21T03:05:13.298+00:00', NULL, NULL, 'pagado', NULL, NULL, NULL, NULL);
INSERT INTO public.citas (id, negocio_id, sucursal_id, empleado_id, cliente_id, nombre_cliente_manual, fecha_hora_inicio, fecha_hora_fin, estado, tipo, auto_cancelada, created_at, telefono, servicio, aviso_20min, aviso_hora, total_pagado, fecha_completado, descripcion, fotos_referencia, estado_pago, stripe_payment_intent_id, stripe_session_id, monto_total, cliente_email) VALUES (79, 'cdaaf6b6-c7db-4968-aa93-8f1dfb75a78c', 32, NULL, 84, NULL, '2026-02-24T16:00:00+00:00', '2026-02-24T16:30:00+00:00', 'pendiente_pago', 'cita', false, '2026-02-24T02:45:03.823236+00:00', NULL, NULL, false, false, 0, NULL, NULL, NULL, 'pendiente', NULL, NULL, NULL, NULL);
INSERT INTO public.citas (id, negocio_id, sucursal_id, empleado_id, cliente_id, nombre_cliente_manual, fecha_hora_inicio, fecha_hora_fin, estado, tipo, auto_cancelada, created_at, telefono, servicio, aviso_20min, aviso_hora, total_pagado, fecha_completado, descripcion, fotos_referencia, estado_pago, stripe_payment_intent_id, stripe_session_id, monto_total, cliente_email) VALUES (80, 'cdaaf6b6-c7db-4968-aa93-8f1dfb75a78c', 32, NULL, 78, NULL, '2026-02-24T17:50:14.01+00:00', '2026-02-24T18:10:14.01+00:00', 'pendiente_pago', 'cita', false, '2026-02-24T15:44:36.923887+00:00', NULL, NULL, false, false, 0, NULL, NULL, NULL, 'pendiente', NULL, NULL, NULL, NULL);
INSERT INTO public.citas (id, negocio_id, sucursal_id, empleado_id, cliente_id, nombre_cliente_manual, fecha_hora_inicio, fecha_hora_fin, estado, tipo, auto_cancelada, created_at, telefono, servicio, aviso_20min, aviso_hora, total_pagado, fecha_completado, descripcion, fotos_referencia, estado_pago, stripe_payment_intent_id, stripe_session_id, monto_total, cliente_email) VALUES (81, '092fd61e-fce4-4e02-9d83-043292297ad3', 42, 21, 88, NULL, '2026-02-24T18:30:43.901+00:00', '2026-02-24T20:00:43.901+00:00', 'completada', 'cita', false, '2026-02-24T17:23:30.276431+00:00', NULL, NULL, false, false, 180, '2026-02-26T18:31:48.992+00:00', NULL, NULL, 'pagado', NULL, NULL, NULL, NULL);
INSERT INTO public.citas (id, negocio_id, sucursal_id, empleado_id, cliente_id, nombre_cliente_manual, fecha_hora_inicio, fecha_hora_fin, estado, tipo, auto_cancelada, created_at, telefono, servicio, aviso_20min, aviso_hora, total_pagado, fecha_completado, descripcion, fotos_referencia, estado_pago, stripe_payment_intent_id, stripe_session_id, monto_total, cliente_email) VALUES (82, '092fd61e-fce4-4e02-9d83-043292297ad3', 42, NULL, 86, NULL, '2039-12-31T18:37:00+00:00', '2039-12-31T20:07:00+00:00', 'pendiente_pago', 'cita', false, '2026-02-26T18:39:38.035766+00:00', NULL, NULL, false, false, 0, NULL, NULL, NULL, 'pendiente', NULL, NULL, NULL, NULL);
INSERT INTO public.citas (id, negocio_id, sucursal_id, empleado_id, cliente_id, nombre_cliente_manual, fecha_hora_inicio, fecha_hora_fin, estado, tipo, auto_cancelada, created_at, telefono, servicio, aviso_20min, aviso_hora, total_pagado, fecha_completado, descripcion, fotos_referencia, estado_pago, stripe_payment_intent_id, stripe_session_id, monto_total, cliente_email) VALUES (83, '8ca9eab4-ddb6-44c9-83b3-d90887807fb9', 43, 22, 89, NULL, '2026-03-01T01:13:28.86949+00:00', '2026-03-01T01:43:28.86949+00:00', 'confirmada', 'cita', false, '2026-02-28T01:13:28.86949+00:00', NULL, NULL, false, false, 0, NULL, 'EVIDENCIA_P2_CITA', NULL, 'pendiente', NULL, NULL, NULL, NULL);
INSERT INTO public.citas (id, negocio_id, sucursal_id, empleado_id, cliente_id, nombre_cliente_manual, fecha_hora_inicio, fecha_hora_fin, estado, tipo, auto_cancelada, created_at, telefono, servicio, aviso_20min, aviso_hora, total_pagado, fecha_completado, descripcion, fotos_referencia, estado_pago, stripe_payment_intent_id, stripe_session_id, monto_total, cliente_email) VALUES (84, 'cdaaf6b6-c7db-4968-aa93-8f1dfb75a78c', 32, 9, 90, NULL, '2026-02-06T20:00:00+00:00', NULL, 'pendiente_pago', 'cita', false, '2026-03-03T17:58:50.031802+00:00', '5219995846722', 'Corte de Cabello de Hombre', false, false, 0, NULL, NULL, NULL, 'pendiente', NULL, NULL, NULL, NULL);
INSERT INTO public.citas (id, negocio_id, sucursal_id, empleado_id, cliente_id, nombre_cliente_manual, fecha_hora_inicio, fecha_hora_fin, estado, tipo, auto_cancelada, created_at, telefono, servicio, aviso_20min, aviso_hora, total_pagado, fecha_completado, descripcion, fotos_referencia, estado_pago, stripe_payment_intent_id, stripe_session_id, monto_total, cliente_email) VALUES (88, 'cdaaf6b6-c7db-4968-aa93-8f1dfb75a78c', 32, 9, 11, NULL, '2026-06-03T20:00:00+00:00', '2026-06-03T20:20:00+00:00', 'pendiente_pago', 'cita', false, '2026-03-05T21:09:08.536443+00:00', NULL, NULL, false, false, 0, NULL, NULL, NULL, 'pendiente', NULL, NULL, NULL, NULL);
INSERT INTO public.citas (id, negocio_id, sucursal_id, empleado_id, cliente_id, nombre_cliente_manual, fecha_hora_inicio, fecha_hora_fin, estado, tipo, auto_cancelada, created_at, telefono, servicio, aviso_20min, aviso_hora, total_pagado, fecha_completado, descripcion, fotos_referencia, estado_pago, stripe_payment_intent_id, stripe_session_id, monto_total, cliente_email) VALUES (93, '52e6ea44-b93c-45dd-82f2-4837be7255d3', 47, 25, 96, NULL, '2026-03-06T16:00:00+00:00', '2026-03-06T17:00:00+00:00', 'completada', 'cita', false, '2026-03-06T04:46:13.167376+00:00', NULL, NULL, false, false, 250, '2026-03-06T04:47:38.701+00:00', NULL, NULL, 'pagado', NULL, NULL, NULL, NULL);
INSERT INTO public.citas (id, negocio_id, sucursal_id, empleado_id, cliente_id, nombre_cliente_manual, fecha_hora_inicio, fecha_hora_fin, estado, tipo, auto_cancelada, created_at, telefono, servicio, aviso_20min, aviso_hora, total_pagado, fecha_completado, descripcion, fotos_referencia, estado_pago, stripe_payment_intent_id, stripe_session_id, monto_total, cliente_email) VALUES (90, '7946e809-c2b8-488a-8b3a-1a50417de445', 46, 24, 95, NULL, '2026-03-06T18:23:00+00:00', '2026-03-06T18:38:00+00:00', 'pendiente', 'cita', false, '2026-03-06T04:17:30.115749+00:00', NULL, NULL, false, false, 0, NULL, NULL, NULL, 'pagado', NULL, NULL, NULL, NULL);
INSERT INTO public.citas (id, negocio_id, sucursal_id, empleado_id, cliente_id, nombre_cliente_manual, fecha_hora_inicio, fecha_hora_fin, estado, tipo, auto_cancelada, created_at, telefono, servicio, aviso_20min, aviso_hora, total_pagado, fecha_completado, descripcion, fotos_referencia, estado_pago, stripe_payment_intent_id, stripe_session_id, monto_total, cliente_email) VALUES (91, '7946e809-c2b8-488a-8b3a-1a50417de445', 46, 24, 95, NULL, '2026-07-04T04:24:00+00:00', '2026-07-04T04:39:00+00:00', 'pendiente_pago', 'cita', false, '2026-03-06T04:25:13.620601+00:00', NULL, NULL, false, false, 0, NULL, NULL, NULL, 'pendiente', NULL, NULL, NULL, NULL);
INSERT INTO public.citas (id, negocio_id, sucursal_id, empleado_id, cliente_id, nombre_cliente_manual, fecha_hora_inicio, fecha_hora_fin, estado, tipo, auto_cancelada, created_at, telefono, servicio, aviso_20min, aviso_hora, total_pagado, fecha_completado, descripcion, fotos_referencia, estado_pago, stripe_payment_intent_id, stripe_session_id, monto_total, cliente_email) VALUES (94, 'ec9f73c8-45f1-48e4-9d74-844444d79ebc', 48, NULL, 98, NULL, '2026-03-24T17:00:00+00:00', '2026-03-24T17:50:00+00:00', 'completada', 'cita', false, '2026-03-06T05:18:28.556012+00:00', NULL, NULL, false, false, 120, '2026-03-06T05:20:18.017+00:00', NULL, NULL, 'pagado', NULL, NULL, NULL, NULL);
INSERT INTO public.citas (id, negocio_id, sucursal_id, empleado_id, cliente_id, nombre_cliente_manual, fecha_hora_inicio, fecha_hora_fin, estado, tipo, auto_cancelada, created_at, telefono, servicio, aviso_20min, aviso_hora, total_pagado, fecha_completado, descripcion, fotos_referencia, estado_pago, stripe_payment_intent_id, stripe_session_id, monto_total, cliente_email) VALUES (95, 'cdaaf6b6-c7db-4968-aa93-8f1dfb75a78c', 32, NULL, 12, NULL, '2026-07-04T00:30:00+00:00', '2026-07-04T01:30:00+00:00', 'pendiente_pago', 'cita', false, '2026-03-06T05:57:50.704775+00:00', NULL, NULL, false, false, 0, NULL, NULL, NULL, 'pendiente', NULL, NULL, NULL, NULL);
INSERT INTO public.citas (id, negocio_id, sucursal_id, empleado_id, cliente_id, nombre_cliente_manual, fecha_hora_inicio, fecha_hora_fin, estado, tipo, auto_cancelada, created_at, telefono, servicio, aviso_20min, aviso_hora, total_pagado, fecha_completado, descripcion, fotos_referencia, estado_pago, stripe_payment_intent_id, stripe_session_id, monto_total, cliente_email) VALUES (85, 'cdaaf6b6-c7db-4968-aa93-8f1dfb75a78c', 32, 9, 91, NULL, '2026-03-03T22:00:00+00:00', NULL, 'completada', 'cita', false, '2026-03-03T18:05:25.441984+00:00', '5219995846722', 'Corte de Cabello de Hombre', false, false, 0, NULL, NULL, NULL, 'pendiente', NULL, NULL, NULL, NULL);
INSERT INTO public.citas (id, negocio_id, sucursal_id, empleado_id, cliente_id, nombre_cliente_manual, fecha_hora_inicio, fecha_hora_fin, estado, tipo, auto_cancelada, created_at, telefono, servicio, aviso_20min, aviso_hora, total_pagado, fecha_completado, descripcion, fotos_referencia, estado_pago, stripe_payment_intent_id, stripe_session_id, monto_total, cliente_email) VALUES (89, 'cdaaf6b6-c7db-4968-aa93-8f1dfb75a78c', 32, NULL, 7, NULL, '2026-03-06T16:00:00+00:00', '2026-03-06T16:20:00+00:00', 'completada', 'cita', false, '2026-03-05T21:11:11.738532+00:00', NULL, NULL, false, false, 200, '2026-03-06T16:26:35.079+00:00', NULL, NULL, 'pagado', NULL, NULL, NULL, NULL);
INSERT INTO public.citas (id, negocio_id, sucursal_id, empleado_id, cliente_id, nombre_cliente_manual, fecha_hora_inicio, fecha_hora_fin, estado, tipo, auto_cancelada, created_at, telefono, servicio, aviso_20min, aviso_hora, total_pagado, fecha_completado, descripcion, fotos_referencia, estado_pago, stripe_payment_intent_id, stripe_session_id, monto_total, cliente_email) VALUES (98, 'cdaaf6b6-c7db-4968-aa93-8f1dfb75a78c', 32, 10, 8, NULL, '2026-03-07T18:00:00+00:00', '2026-03-07T18:30:00+00:00', 'completada', 'cita', false, '2026-03-06T18:30:08.979595+00:00', NULL, NULL, false, false, 50, '2026-03-08T17:58:52.199+00:00', NULL, NULL, 'pendiente', NULL, NULL, NULL, NULL);
INSERT INTO public.citas (id, negocio_id, sucursal_id, empleado_id, cliente_id, nombre_cliente_manual, fecha_hora_inicio, fecha_hora_fin, estado, tipo, auto_cancelada, created_at, telefono, servicio, aviso_20min, aviso_hora, total_pagado, fecha_completado, descripcion, fotos_referencia, estado_pago, stripe_payment_intent_id, stripe_session_id, monto_total, cliente_email) VALUES (96, 'cdaaf6b6-c7db-4968-aa93-8f1dfb75a78c', 32, 28, 3, NULL, '2026-03-06T18:33:00+00:00', '2026-03-06T19:03:00+00:00', 'completada', 'cita', false, '2026-03-06T16:28:22.1375+00:00', NULL, NULL, false, false, 150, '2026-03-08T17:58:28.924+00:00', NULL, NULL, 'pendiente', NULL, NULL, NULL, NULL);
INSERT INTO public.citas (id, negocio_id, sucursal_id, empleado_id, cliente_id, nombre_cliente_manual, fecha_hora_inicio, fecha_hora_fin, estado, tipo, auto_cancelada, created_at, telefono, servicio, aviso_20min, aviso_hora, total_pagado, fecha_completado, descripcion, fotos_referencia, estado_pago, stripe_payment_intent_id, stripe_session_id, monto_total, cliente_email) VALUES (97, 'cdaaf6b6-c7db-4968-aa93-8f1dfb75a78c', 32, 9, 100, NULL, '2026-03-07T05:00:00+00:00', '2026-03-07T05:20:00+00:00', 'completada', 'cita', false, '2026-03-06T18:26:51.946367+00:00', NULL, NULL, false, false, 200, '2026-03-08T17:58:33.012+00:00', NULL, NULL, 'pendiente', NULL, NULL, NULL, NULL);
INSERT INTO public.citas (id, negocio_id, sucursal_id, empleado_id, cliente_id, nombre_cliente_manual, fecha_hora_inicio, fecha_hora_fin, estado, tipo, auto_cancelada, created_at, telefono, servicio, aviso_20min, aviso_hora, total_pagado, fecha_completado, descripcion, fotos_referencia, estado_pago, stripe_payment_intent_id, stripe_session_id, monto_total, cliente_email) VALUES (100, 'cdaaf6b6-c7db-4968-aa93-8f1dfb75a78c', 32, 9, 66, NULL, '2026-03-09T17:30:00+00:00', '2026-03-09T17:50:00+00:00', 'cancelada', 'cita', false, '2026-03-08T18:17:39.879087+00:00', NULL, NULL, false, false, 200, NULL, NULL, NULL, 'pendiente', NULL, NULL, NULL, NULL);
INSERT INTO public.citas (id, negocio_id, sucursal_id, empleado_id, cliente_id, nombre_cliente_manual, fecha_hora_inicio, fecha_hora_fin, estado, tipo, auto_cancelada, created_at, telefono, servicio, aviso_20min, aviso_hora, total_pagado, fecha_completado, descripcion, fotos_referencia, estado_pago, stripe_payment_intent_id, stripe_session_id, monto_total, cliente_email) VALUES (86, 'cdaaf6b6-c7db-4968-aa93-8f1dfb75a78c', 32, 9, 92, NULL, '2026-03-04T00:00:00+00:00', NULL, 'completada', 'cita', false, '2026-03-03T18:08:24.617249+00:00', '5219995846722', 'Corte de Cabello de Hombre', false, false, 0, NULL, NULL, NULL, 'pendiente', NULL, NULL, NULL, NULL);
INSERT INTO public.citas (id, negocio_id, sucursal_id, empleado_id, cliente_id, nombre_cliente_manual, fecha_hora_inicio, fecha_hora_fin, estado, tipo, auto_cancelada, created_at, telefono, servicio, aviso_20min, aviso_hora, total_pagado, fecha_completado, descripcion, fotos_referencia, estado_pago, stripe_payment_intent_id, stripe_session_id, monto_total, cliente_email) VALUES (87, 'cdaaf6b6-c7db-4968-aa93-8f1dfb75a78c', 32, 9, 93, NULL, '2026-03-04T02:00:00+00:00', NULL, 'completada', 'cita', false, '2026-03-03T18:12:54.286616+00:00', '5219995846722', 'Corte de Cabello de Hombre', false, false, 0, NULL, NULL, NULL, 'pendiente', NULL, NULL, NULL, NULL);
INSERT INTO public.citas (id, negocio_id, sucursal_id, empleado_id, cliente_id, nombre_cliente_manual, fecha_hora_inicio, fecha_hora_fin, estado, tipo, auto_cancelada, created_at, telefono, servicio, aviso_20min, aviso_hora, total_pagado, fecha_completado, descripcion, fotos_referencia, estado_pago, stripe_payment_intent_id, stripe_session_id, monto_total, cliente_email) VALUES (99, 'cdaaf6b6-c7db-4968-aa93-8f1dfb75a78c', 32, 10, 101, NULL, '2026-03-20T15:00:00+00:00', NULL, 'cancelada', 'cita', false, '2026-03-06T18:35:28.454975+00:00', '5219995846722', 'Manicura', false, false, 0, NULL, NULL, NULL, 'pendiente', NULL, NULL, NULL, NULL);
INSERT INTO public.citas (id, negocio_id, sucursal_id, empleado_id, cliente_id, nombre_cliente_manual, fecha_hora_inicio, fecha_hora_fin, estado, tipo, auto_cancelada, created_at, telefono, servicio, aviso_20min, aviso_hora, total_pagado, fecha_completado, descripcion, fotos_referencia, estado_pago, stripe_payment_intent_id, stripe_session_id, monto_total, cliente_email) VALUES (101, 'cdaaf6b6-c7db-4968-aa93-8f1dfb75a78c', 32, 9, 66, NULL, '2026-03-11T08:00:00+00:00', '2026-03-11T08:20:00+00:00', 'completada', 'cita', false, '2026-03-11T05:24:31.847696+00:00', NULL, NULL, false, false, 200, NULL, NULL, NULL, 'pendiente', NULL, NULL, NULL, NULL);
INSERT INTO public.citas (id, negocio_id, sucursal_id, empleado_id, cliente_id, nombre_cliente_manual, fecha_hora_inicio, fecha_hora_fin, estado, tipo, auto_cancelada, created_at, telefono, servicio, aviso_20min, aviso_hora, total_pagado, fecha_completado, descripcion, fotos_referencia, estado_pago, stripe_payment_intent_id, stripe_session_id, monto_total, cliente_email) VALUES (103, 'cdaaf6b6-c7db-4968-aa93-8f1dfb75a78c', 32, 9, 83, NULL, '2026-03-02T20:00:00+00:00', '2026-03-02T20:20:00+00:00', 'cancelada', 'cita', false, '2026-03-11T05:56:50.796434+00:00', NULL, NULL, false, false, 200, NULL, NULL, NULL, 'pendiente', NULL, NULL, NULL, NULL);
INSERT INTO public.citas (id, negocio_id, sucursal_id, empleado_id, cliente_id, nombre_cliente_manual, fecha_hora_inicio, fecha_hora_fin, estado, tipo, auto_cancelada, created_at, telefono, servicio, aviso_20min, aviso_hora, total_pagado, fecha_completado, descripcion, fotos_referencia, estado_pago, stripe_payment_intent_id, stripe_session_id, monto_total, cliente_email) VALUES (102, 'cdaaf6b6-c7db-4968-aa93-8f1dfb75a78c', 32, 9, 3, NULL, '2026-03-11T20:00:00+00:00', '2026-03-11T20:20:00+00:00', 'completada', 'cita', false, '2026-03-11T05:33:30.802024+00:00', NULL, NULL, false, false, 200, NULL, NULL, NULL, 'pendiente', NULL, NULL, NULL, NULL);
INSERT INTO public.citas (id, negocio_id, sucursal_id, empleado_id, cliente_id, nombre_cliente_manual, fecha_hora_inicio, fecha_hora_fin, estado, tipo, auto_cancelada, created_at, telefono, servicio, aviso_20min, aviso_hora, total_pagado, fecha_completado, descripcion, fotos_referencia, estado_pago, stripe_payment_intent_id, stripe_session_id, monto_total, cliente_email) VALUES (104, 'cdaaf6b6-c7db-4968-aa93-8f1dfb75a78c', 32, 10, 102, NULL, '2026-03-18T19:00:00+00:00', NULL, 'completada', 'cita', false, '2026-03-17T17:46:27.931651+00:00', '5219995846722', 'Manicura', false, false, 0, '2026-03-18T16:28:07.212+00:00', NULL, NULL, 'pendiente', NULL, NULL, NULL, NULL);

-- citas_servicios (32 rows)
INSERT INTO public.citas_servicios (id, cita_id, servicio_id, precio_actual) VALUES (70, 65, 13, 60);
INSERT INTO public.citas_servicios (id, cita_id, servicio_id, precio_actual) VALUES (71, 65, 17, 20);
INSERT INTO public.citas_servicios (id, cita_id, servicio_id, precio_actual) VALUES (72, 66, 13, 60);
INSERT INTO public.citas_servicios (id, cita_id, servicio_id, precio_actual) VALUES (73, 66, 15, 50);
INSERT INTO public.citas_servicios (id, cita_id, servicio_id, precio_actual) VALUES (74, 70, 13, 60);
INSERT INTO public.citas_servicios (id, cita_id, servicio_id, precio_actual) VALUES (75, 70, 17, 20);
INSERT INTO public.citas_servicios (id, cita_id, servicio_id, precio_actual) VALUES (76, 71, 13, 60);
INSERT INTO public.citas_servicios (id, cita_id, servicio_id, precio_actual) VALUES (77, 72, 13, 60);
INSERT INTO public.citas_servicios (id, cita_id, servicio_id, precio_actual) VALUES (78, 73, 13, 60);
INSERT INTO public.citas_servicios (id, cita_id, servicio_id, precio_actual) VALUES (80, 74, 23, 85);
INSERT INTO public.citas_servicios (id, cita_id, servicio_id, precio_actual) VALUES (81, 75, 15, 50);
INSERT INTO public.citas_servicios (id, cita_id, servicio_id, precio_actual) VALUES (82, 76, 25, 50);
INSERT INTO public.citas_servicios (id, cita_id, servicio_id, precio_actual) VALUES (83, 79, 17, 20);
INSERT INTO public.citas_servicios (id, cita_id, servicio_id, precio_actual) VALUES (84, 80, 13, 60);
INSERT INTO public.citas_servicios (id, cita_id, servicio_id, precio_actual) VALUES (85, 81, 26, 180);
INSERT INTO public.citas_servicios (id, cita_id, servicio_id, precio_actual) VALUES (86, 82, 26, 180);
INSERT INTO public.citas_servicios (id, cita_id, servicio_id, precio_actual) VALUES (87, 83, 27, 100);
INSERT INTO public.citas_servicios (id, cita_id, servicio_id, precio_actual) VALUES (88, 89, 13, 200);
INSERT INTO public.citas_servicios (id, cita_id, servicio_id, precio_actual) VALUES (89, 90, 29, 1e+72);
INSERT INTO public.citas_servicios (id, cita_id, servicio_id, precio_actual) VALUES (90, 91, 29, 2);
INSERT INTO public.citas_servicios (id, cita_id, servicio_id, precio_actual) VALUES (91, 92, 29, 2);
INSERT INTO public.citas_servicios (id, cita_id, servicio_id, precio_actual) VALUES (92, 93, 30, 250);
INSERT INTO public.citas_servicios (id, cita_id, servicio_id, precio_actual) VALUES (93, 94, 31, 120);
INSERT INTO public.citas_servicios (id, cita_id, servicio_id, precio_actual) VALUES (94, 95, 14, 150);
INSERT INTO public.citas_servicios (id, cita_id, servicio_id, precio_actual) VALUES (95, 95, 16, 50);
INSERT INTO public.citas_servicios (id, cita_id, servicio_id, precio_actual) VALUES (96, 96, 14, 150);
INSERT INTO public.citas_servicios (id, cita_id, servicio_id, precio_actual) VALUES (97, 97, 13, 200);
INSERT INTO public.citas_servicios (id, cita_id, servicio_id, precio_actual) VALUES (98, 98, 15, 50);
INSERT INTO public.citas_servicios (id, cita_id, servicio_id, precio_actual) VALUES (99, 100, 13, 200);
INSERT INTO public.citas_servicios (id, cita_id, servicio_id, precio_actual) VALUES (100, 101, 13, 200);
INSERT INTO public.citas_servicios (id, cita_id, servicio_id, precio_actual) VALUES (101, 102, 13, 200);
INSERT INTO public.citas_servicios (id, cita_id, servicio_id, precio_actual) VALUES (102, 103, 13, 200);

-- empleado_servicios (13 rows)
INSERT INTO public.empleado_servicios (id, empleado_id, servicio_id) VALUES (6, 11, 16);
INSERT INTO public.empleado_servicios (id, empleado_id, servicio_id) VALUES (9, 10, 15);
INSERT INTO public.empleado_servicios (id, empleado_id, servicio_id) VALUES (18, 18, 23);
INSERT INTO public.empleado_servicios (id, empleado_id, servicio_id) VALUES (20, 20, 25);
INSERT INTO public.empleado_servicios (id, empleado_id, servicio_id) VALUES (21, 21, 26);
INSERT INTO public.empleado_servicios (id, empleado_id, servicio_id) VALUES (22, 23, 28);
INSERT INTO public.empleado_servicios (id, empleado_id, servicio_id) VALUES (23, 24, 29);
INSERT INTO public.empleado_servicios (id, empleado_id, servicio_id) VALUES (24, 25, 30);
INSERT INTO public.empleado_servicios (id, empleado_id, servicio_id) VALUES (25, 26, 31);
INSERT INTO public.empleado_servicios (id, empleado_id, servicio_id) VALUES (26, 27, 13);
INSERT INTO public.empleado_servicios (id, empleado_id, servicio_id) VALUES (27, 28, 14);
INSERT INTO public.empleado_servicios (id, empleado_id, servicio_id) VALUES (34, 9, 13);
INSERT INTO public.empleado_servicios (id, empleado_id, servicio_id) VALUES (35, 9, 14);

-- horarios_sucursal (11 rows)
INSERT INTO public.horarios_sucursal (id, sucursal_id, dia_semana, hora_inicio, hora_fin, created_at, activo, hora_descanso_inicio, duracion_descanso_minutos) VALUES (37, 42, 1, '09:00:00', '20:00:00', '2026-02-20T15:32:39.497176+00:00', true, '14:00:00', 60);
INSERT INTO public.horarios_sucursal (id, sucursal_id, dia_semana, hora_inicio, hora_fin, created_at, activo, hora_descanso_inicio, duracion_descanso_minutos) VALUES (38, 42, 2, '09:00:00', '20:00:00', '2026-02-20T15:32:39.497176+00:00', true, '14:00:00', 60);
INSERT INTO public.horarios_sucursal (id, sucursal_id, dia_semana, hora_inicio, hora_fin, created_at, activo, hora_descanso_inicio, duracion_descanso_minutos) VALUES (39, 42, 3, '09:00:00', '20:00:00', '2026-02-20T15:32:39.497176+00:00', true, '14:00:00', 60);
INSERT INTO public.horarios_sucursal (id, sucursal_id, dia_semana, hora_inicio, hora_fin, created_at, activo, hora_descanso_inicio, duracion_descanso_minutos) VALUES (40, 42, 5, '09:00:00', '20:00:00', '2026-02-20T15:32:39.497176+00:00', true, '14:00:00', 60);
INSERT INTO public.horarios_sucursal (id, sucursal_id, dia_semana, hora_inicio, hora_fin, created_at, activo, hora_descanso_inicio, duracion_descanso_minutos) VALUES (41, 42, 6, '10:00:00', '18:00:00', '2026-02-20T15:32:39.497176+00:00', true, '14:00:00', 0);
INSERT INTO public.horarios_sucursal (id, sucursal_id, dia_semana, hora_inicio, hora_fin, created_at, activo, hora_descanso_inicio, duracion_descanso_minutos) VALUES (42, 43, 1, '09:00:00', '18:00:00', '2026-02-28T01:02:46.55101+00:00', true, NULL, 60);
INSERT INTO public.horarios_sucursal (id, sucursal_id, dia_semana, hora_inicio, hora_fin, created_at, activo, hora_descanso_inicio, duracion_descanso_minutos) VALUES (49, 32, 1, '09:00:00', '20:00:00', '2026-03-11T06:12:35.532933+00:00', true, '14:00:00', 60);
INSERT INTO public.horarios_sucursal (id, sucursal_id, dia_semana, hora_inicio, hora_fin, created_at, activo, hora_descanso_inicio, duracion_descanso_minutos) VALUES (50, 32, 2, '09:00:00', '20:00:00', '2026-03-11T06:12:35.532933+00:00', true, '14:00:00', 60);
INSERT INTO public.horarios_sucursal (id, sucursal_id, dia_semana, hora_inicio, hora_fin, created_at, activo, hora_descanso_inicio, duracion_descanso_minutos) VALUES (51, 32, 3, '09:00:00', '20:00:00', '2026-03-11T06:12:35.532933+00:00', true, '14:00:00', 60);
INSERT INTO public.horarios_sucursal (id, sucursal_id, dia_semana, hora_inicio, hora_fin, created_at, activo, hora_descanso_inicio, duracion_descanso_minutos) VALUES (52, 32, 4, '09:00:00', '20:00:00', '2026-03-11T06:12:35.532933+00:00', true, '14:00:00', 60);
INSERT INTO public.horarios_sucursal (id, sucursal_id, dia_semana, hora_inicio, hora_fin, created_at, activo, hora_descanso_inicio, duracion_descanso_minutos) VALUES (53, 32, 5, '09:00:00', '20:00:00', '2026-03-11T06:12:35.532933+00:00', true, '14:00:00', 60);

-- RESET SEQUENCES
SELECT setval(pg_get_serial_sequence('public.sucursales', 'id'), COALESCE((SELECT MAX(id) FROM public.sucursales), 1));
SELECT setval(pg_get_serial_sequence('public.empleados', 'id'), COALESCE((SELECT MAX(id) FROM public.empleados), 1));
SELECT setval(pg_get_serial_sequence('public.servicios', 'id'), COALESCE((SELECT MAX(id) FROM public.servicios), 1));
SELECT setval(pg_get_serial_sequence('public.clientes_bot', 'id'), COALESCE((SELECT MAX(id) FROM public.clientes_bot), 1));
SELECT setval(pg_get_serial_sequence('public.citas', 'id'), COALESCE((SELECT MAX(id) FROM public.citas), 1));
SELECT setval(pg_get_serial_sequence('public.citas_servicios', 'id'), COALESCE((SELECT MAX(id) FROM public.citas_servicios), 1));
SELECT setval(pg_get_serial_sequence('public.empleado_servicios', 'id'), COALESCE((SELECT MAX(id) FROM public.empleado_servicios), 1));
SELECT setval(pg_get_serial_sequence('public.horarios_sucursal', 'id'), COALESCE((SELECT MAX(id) FROM public.horarios_sucursal), 1));
SELECT setval(pg_get_serial_sequence('public.n8n_chat_histories', 'id'), COALESCE((SELECT MAX(id) FROM public.n8n_chat_histories), 1));
