-- ============================================
-- KyrosBarber - Full Database Backup
-- Generated: 2026-02-26T20:48:00-06:00
-- Project: qyyhembukflbxjbctuav
-- ============================================

SET session_replication_role = 'replica';

-- ============================================
-- SCHEMA (CREATE TABLE statements)
-- ============================================
CREATE TABLE public.bot_sessions (id uuid NOT NULL DEFAULT uuid_generate_v4(), phone_number text NOT NULL, current_step text NOT NULL, data jsonb DEFAULT '{}'::jsonb, updated_at timestamp with time zone DEFAULT now());

CREATE TABLE public.chat_actividad (ultimo_mensaje timestamp with time zone, chat_id text NOT NULL);

CREATE TABLE public.chat_histories (created_at timestamp with time zone DEFAULT now(), message jsonb, session_id text, id bigint NOT NULL);

CREATE TABLE public.citas (auto_cancelada boolean DEFAULT false, tipo text DEFAULT 'cita'::text, estado text DEFAULT 'confirmada'::text, fecha_hora_fin timestamp with time zone, fecha_hora_inicio timestamp with time zone, nombre_cliente_manual text, cliente_id bigint, created_at timestamp with time zone DEFAULT now(), estado_pago text DEFAULT 'pendiente'::text, fotos_referencia ARRAY, descripcion text, fecha_completado timestamp with time zone, total_pagado numeric DEFAULT 0, aviso_hora boolean DEFAULT false, aviso_20min boolean DEFAULT false, servicio text, telefono text, stripe_payment_intent_id text, empleado_id bigint, sucursal_id bigint, negocio_id uuid, id bigint NOT NULL, cliente_email text, monto_total numeric, stripe_session_id text);

CREATE TABLE public.citas_servicios (servicio_id bigint, precio_actual numeric DEFAULT 0, id bigint NOT NULL, cita_id bigint);

CREATE TABLE public.clientes_bot (sucursal_id bigint, email text, id bigint NOT NULL, negocio_id uuid, nombre text, telefono text, chat_id text, plataforma text DEFAULT 'manual'::text, created_at timestamp with time zone DEFAULT now());

CREATE TABLE public.empleado_servicios (empleado_id bigint, servicio_id bigint, id bigint NOT NULL);

CREATE TABLE public.empleados (rol text, created_at timestamp with time zone DEFAULT now(), especialidad text, sucursal_id bigint, nombre text NOT NULL, negocio_id uuid, id bigint NOT NULL);

CREATE TABLE public.horarios_sucursal (hora_descanso_inicio time without time zone, id bigint NOT NULL, sucursal_id bigint, dia_semana integer, hora_inicio time without time zone, hora_fin time without time zone, created_at timestamp with time zone DEFAULT now(), activo boolean DEFAULT true, duracion_descanso_minutos integer DEFAULT 0);

CREATE TABLE public.inbox_telegram (message_id text, created_at timestamp with time zone DEFAULT now(), id bigint NOT NULL, chat_id text, message_text text);

CREATE TABLE public.n8n_chat_histories (createdAt timestamp with time zone DEFAULT now(), id integer NOT NULL DEFAULT nextval('n8n_chat_histories_id_seq'::regclass), session_id text NOT NULL, message jsonb NOT NULL);

CREATE TABLE public.negocio_suscripciones (fecha_fin_prueba timestamp with time zone, fecha_fin_periodo timestamp with time zone, created_at timestamp with time zone DEFAULT now(), updated_at timestamp with time zone DEFAULT now(), stripe_subscription_id text, tipo_chatbot character varying(10) DEFAULT 'web'::character varying, negocio_id uuid NOT NULL, plan_id integer, estado text NOT NULL DEFAULT 'trial'::text);

CREATE TABLE public.negocios (stripe_customer_id text, id uuid NOT NULL DEFAULT uuid_generate_v4(), nombre text NOT NULL, created_at timestamp with time zone DEFAULT now());

CREATE TABLE public.planes (activo boolean DEFAULT true, precio_mxn numeric NOT NULL, nombre text NOT NULL, codigo text NOT NULL, id integer NOT NULL DEFAULT nextval('planes_id_seq'::regclass), limite_sucursales integer NOT NULL, limite_empleados_por_sucursal integer, descripcion text);

CREATE TABLE public.servicios (link_pago text, id bigint NOT NULL, negocio_id uuid, sucursal_id bigint, nombre text NOT NULL, descripcion text, precio_base numeric DEFAULT 0, duracion_aprox_minutos integer DEFAULT 30, created_at timestamp with time zone DEFAULT now(), imagen_url text);

CREATE TABLE public.sucursales (created_at timestamp with time zone DEFAULT now(), direccion text, nombre text NOT NULL, negocio_id uuid, id bigint NOT NULL, stripe_onboarding_complete boolean DEFAULT false, stripe_account_id text, telefono character varying(20), cuenta_password text, cuenta_email text);

CREATE TABLE public.usuarios_perfiles (avatar_url text, nombre text, id uuid NOT NULL, negocio_id uuid, created_at timestamp with time zone DEFAULT now(), sucursal_id bigint, email text, rol text DEFAULT 'dueño'::text);

-- ============================================
-- DATA: negocios, planes, sucursales, empleados, empleado_servicios
-- ============================================
INSERT INTO public.negocios (id, nombre, created_at, stripe_customer_id) VALUES ('7a8ba4e9-96b1-45a3-b891-85e2925d66cc','Barbería de Mi Negocio','2026-02-13 17:54:50.854972+00','cus_TyNKU4RPA4px5M');
INSERT INTO public.negocios (id, nombre, created_at, stripe_customer_id) VALUES ('23519d2a-b867-4560-9735-9fdc3c7c2faa','Barbería de Mi Negocio','2026-02-13 17:55:56.609909+00','cus_TyNLb2iVHlHyZn');
INSERT INTO public.negocios (id, nombre, created_at, stripe_customer_id) VALUES ('fc515d9d-5843-4342-a8f3-889201eb6595','Barbería de Mi Negocio','2026-02-13 18:01:15.370971+00','cus_TyNQ8l9DyCTIGM');
INSERT INTO public.negocios (id, nombre, created_at, stripe_customer_id) VALUES ('cdaaf6b6-c7db-4968-aa93-8f1dfb75a78c','Barbería de Emir Montalvo','2026-01-13 21:21:47.908439+00',NULL);
INSERT INTO public.negocios (id, nombre, created_at, stripe_customer_id) VALUES ('58812d7c-a245-40a5-ba12-2bc60d6dff0b','Barbería de Mi Negocio','2026-02-13 18:05:08.022278+00','cus_TyNUisAdR0e8Rw');
INSERT INTO public.negocios (id, nombre, created_at, stripe_customer_id) VALUES ('2c57c657-f55b-481b-aab2-1c091cbdd4e8','Barbería de Mi Negocio','2026-02-20 18:38:09.439616+00','cus_U10bLEfN3D8VB7');
INSERT INTO public.negocios (id, nombre, created_at, stripe_customer_id) VALUES ('3ed0b654-2eb4-4e33-83cd-b6f79d5057e8','Barbería de Mi Negocio','2026-02-20 18:40:23.010295+00','cus_U10eDishbfXV56');
INSERT INTO public.negocios (id, nombre, created_at, stripe_customer_id) VALUES ('b67381f3-d32c-44df-b879-fa2ef17c4265','Barbería de Mi Negocio','2026-02-21 00:32:13.934162+00','cus_U16JufajwkXYTN');
INSERT INTO public.negocios (id, nombre, created_at, stripe_customer_id) VALUES ('75eb6e5c-0837-445b-a158-0fbcd55ba141','Barbería de Mi Negocio','2026-02-21 00:34:16.566862+00','cus_U16L0TcNuZFfBc');
INSERT INTO public.negocios (id, nombre, created_at, stripe_customer_id) VALUES ('f4a60eea-28c5-48dc-aa29-90992c912457','Barbería de Mi Negocio','2026-02-21 00:54:27.337737+00','cus_U16gc7Vw2qOaDs');
INSERT INTO public.negocios (id, nombre, created_at, stripe_customer_id) VALUES ('571f620d-e322-4f57-859c-117b018a0709','Barbería de Mi Negocio','2026-02-22 06:17:02.929168+00','cus_U1Z6Lj6mDbLRUC');
INSERT INTO public.negocios (id, nombre, created_at, stripe_customer_id) VALUES ('e37cb0c4-88e0-46f8-8e69-f788e44e8b79','Barbería de Mi Negocio','2026-02-22 06:20:14.357123+00','cus_U1Z9TIFlj06Oam');
INSERT INTO public.negocios (id, nombre, created_at, stripe_customer_id) VALUES ('bb748a25-fd2f-47f9-b366-901a306c49ec','Barbería de Mi Negocio','2026-02-22 06:22:21.440677+00','cus_U1ZCdiaM7OGbIl');
INSERT INTO public.negocios (id, nombre, created_at, stripe_customer_id) VALUES ('0e1d7fe8-642a-47f2-99d2-c770485f8432','Barbería de Mi Negocio','2026-02-22 06:26:08.487326+00','cus_U1ZFOiK5bCaXFN');
INSERT INTO public.negocios (id, nombre, created_at, stripe_customer_id) VALUES ('09c6a27a-f183-4e3c-9381-2b49b08095a3','Barbería de Mi Negocio','2026-02-22 06:27:05.801294+00','cus_U1ZGJKsYfU8TNH');
INSERT INTO public.negocios (id, nombre, created_at, stripe_customer_id) VALUES ('3d2e1ddf-d0eb-4d5c-bc66-467fd7e7bc69','Barbería de Mi Negocio','2026-02-22 06:31:24.646409+00',NULL);
INSERT INTO public.negocios (id, nombre, created_at, stripe_customer_id) VALUES ('97c229d6-48b9-4988-9078-e78a809d264d','Barbería de Mi Negocio','2026-02-22 06:31:28.846308+00',NULL);
INSERT INTO public.negocios (id, nombre, created_at, stripe_customer_id) VALUES ('00c73e84-cfab-41f9-978e-649a67d10bf8','Barbería de Mi Negocio','2026-02-22 06:31:31.322555+00','cus_U1ZLhuUvMuNGP6');
INSERT INTO public.negocios (id, nombre, created_at, stripe_customer_id) VALUES ('8609d9f8-59aa-48ae-8b8b-76e92a925801','Barbería de Mi Negocio','2026-02-22 06:32:34.706808+00',NULL);
INSERT INTO public.negocios (id, nombre, created_at, stripe_customer_id) VALUES ('59fe26fa-4a3f-4a27-9652-b3575e247f81','Barbería de Mi Negocio','2026-02-22 06:33:29.129983+00','cus_U1ZNzCFwXFZ06j');
INSERT INTO public.negocios (id, nombre, created_at, stripe_customer_id) VALUES ('cb83a9fd-5341-4653-8ebd-23c6c024de02','Barbería de Mi Negocio','2026-02-22 06:33:41.707188+00',NULL);
INSERT INTO public.negocios (id, nombre, created_at, stripe_customer_id) VALUES ('529aff79-fe66-4f88-9af8-2e0f5b3a31d8','Barbería de Mi Negocio','2026-02-22 06:52:13.99421+00',NULL);
INSERT INTO public.negocios (id, nombre, created_at, stripe_customer_id) VALUES ('f688d8e7-2d77-44b5-84fc-cd95729cbbf5','Barbería de Mi Negocio','2026-02-22 06:52:29.370894+00','cus_U1Zgd8JqQroh4e');
INSERT INTO public.negocios (id, nombre, created_at, stripe_customer_id) VALUES ('999455b7-329a-41d6-b79a-2f205babe435','Barbería de Mi Negocio','2026-02-05 21:48:07.289773+00','cus_TvRHHA9Nx0vdKF');
INSERT INTO public.negocios (id, nombre, created_at, stripe_customer_id) VALUES ('da539604-a090-4a72-af27-5c20118b64cc','Barbería de Mi Negocio','2026-02-05 21:50:19.84458+00','cus_TvRKLeHZ1J49uH');
INSERT INTO public.negocios (id, nombre, created_at, stripe_customer_id) VALUES ('8b9c04c4-ce3f-4837-82a7-711cb9db1416','Barbería de Mi Negocio','2026-02-05 21:51:15.068955+00','cus_TvRKbVfjmZfKai');
INSERT INTO public.negocios (id, nombre, created_at, stripe_customer_id) VALUES ('74514d42-d82b-4c82-a84c-6b2e5b167805','Barbería de Mi Negocio','2026-02-05 21:52:15.178514+00','cus_TvRL3kkNARN3dG');
INSERT INTO public.negocios (id, nombre, created_at, stripe_customer_id) VALUES ('3639f3ad-99a8-4123-a10d-bc5f4801f1ad','Barbería de Oropeza','2026-02-05 22:05:56.75666+00','cus_TvRZNVktE0OyhU');
INSERT INTO public.negocios (id, nombre, created_at, stripe_customer_id) VALUES ('68e6dad8-30db-4621-9388-1344a350871b','Barbería de Mi Negocio','2026-02-05 22:07:57.098757+00','cus_TvRbHs46CM7M3K');
INSERT INTO public.negocios (id, nombre, created_at, stripe_customer_id) VALUES ('3f817a98-feb0-4c38-b1d0-2253558ec909','Barbería de Mi Negocio','2026-02-05 22:09:36.253506+00','cus_TvRdGPXiUmAZ02');
INSERT INTO public.negocios (id, nombre, created_at, stripe_customer_id) VALUES ('ee809f09-60c5-4315-a972-6643f4120cba','Barbería de Mi Negocio','2026-02-13 17:51:29.250493+00','cus_TyNHRpcjVLblNG');
INSERT INTO public.negocios (id, nombre, created_at, stripe_customer_id) VALUES ('5ba6667d-19e3-4755-8702-3e9359fc6f56','Barbería de Mi Negocio','2026-02-22 06:53:25.905182+00',NULL);
INSERT INTO public.negocios (id, nombre, created_at, stripe_customer_id) VALUES ('9e632a42-2cd0-4f5c-854a-6f6f4ad4ea83','Barbería de VictorCan','2026-02-13 17:52:59.971862+00','cus_TyNJsAjC2yUmwT');
INSERT INTO public.negocios (id, nombre, created_at, stripe_customer_id) VALUES ('e92a3f72-b9b9-4fc3-9990-42d7d673a7fc','Barbería de Mi Negocio','2026-02-22 06:56:43.168247+00',NULL);
INSERT INTO public.negocios (id, nombre, created_at, stripe_customer_id) VALUES ('079f0da1-08d5-4ee1-9ae9-197dd5e54a7f','Barbería de Emir2','2026-02-22 06:59:19.979277+00',NULL);
INSERT INTO public.negocios (id, nombre, created_at, stripe_customer_id) VALUES ('092fd61e-fce4-4e02-9d83-043292297ad3','Barbería de Diego Alberto Solis Baas','2026-02-20 15:24:33.076394+00','cus_U25ITnkX4h0QP2');
INSERT INTO public.negocios (id, nombre, created_at, stripe_customer_id) VALUES ('4accbae9-6776-49db-a34e-680dbb30a271','Barbería de Emilio Manuel Huchim Peña','2026-02-23 15:33:53.756947+00','cus_U25LPkrrnbIsDV');
INSERT INTO public.negocios (id, nombre, created_at, stripe_customer_id) VALUES ('3690118d-1279-49f1-8a3f-44a769f71399','Barbería de Kevin vargas','2026-02-23 16:57:26.220566+00',NULL);
INSERT INTO public.planes (id, codigo, nombre, precio_mxn, limite_sucursales, limite_empleados_por_sucursal, descripcion, activo) VALUES (3,'regular','Plan Avanzado',499.00,6,8,'Negocios en crecimiento',true);
INSERT INTO public.planes (id, codigo, nombre, precio_mxn, limite_sucursales, limite_empleados_por_sucursal, descripcion, activo) VALUES (2,'basic','Plan Básico',219.00,2,4,'Emprendedores',true);
INSERT INTO public.planes (id, codigo, nombre, precio_mxn, limite_sucursales, limite_empleados_por_sucursal, descripcion, activo) VALUES (1,'free','Plan Gratuito',0.00,1,2,'Prueba gratuita de 7 días',true);
INSERT INTO public.sucursales (id, negocio_id, nombre, direccion, created_at, cuenta_email, cuenta_password, telefono, stripe_account_id, stripe_onboarding_complete) VALUES (40,'3639f3ad-99a8-4123-a10d-bc5f4801f1ad','Chenku','av principal 234','2026-02-05 22:19:58.193573+00','Chenku@gmail.com','Chenku',NULL,NULL,false);
INSERT INTO public.sucursales (id, negocio_id, nombre, direccion, created_at, cuenta_email, cuenta_password, telefono, stripe_account_id, stripe_onboarding_complete) VALUES (32,'cdaaf6b6-c7db-4968-aa93-8f1dfb75a78c','Sucursal Centro','Calle Centro','2026-01-16 04:44:00.770959+00','centro@gmail.com','1234567','99999999999999',NULL,false);
INSERT INTO public.sucursales (id, negocio_id, nombre, direccion, created_at, cuenta_email, cuenta_password, telefono, stripe_account_id, stripe_onboarding_complete) VALUES (41,'9e632a42-2cd0-4f5c-854a-6f6f4ad4ea83','Tixcacal Opichen "barber tixca"','Calle 79 num 554 por 36 y 38 tixcacal opichen','2026-02-13 17:56:24.858725+00','sucursal1@gmail.com','123456','9999968380',NULL,false);
INSERT INTO public.sucursales (id, negocio_id, nombre, direccion, created_at, cuenta_email, cuenta_password, telefono, stripe_account_id, stripe_onboarding_complete) VALUES (42,'092fd61e-fce4-4e02-9d83-043292297ad3','Tiresis','calle 17','2026-02-20 15:26:30.757892+00','aldinalv62@gmail.com','123456','9992588620',NULL,false);
INSERT INTO public.sucursales (id, negocio_id, nombre, direccion, created_at, cuenta_email, cuenta_password, telefono, stripe_account_id, stripe_onboarding_complete) VALUES (33,'cdaaf6b6-c7db-4968-aa93-8f1dfb75a78c','Vergel','Calle vergel','2026-01-16 07:11:13.593029+00','vergel@gmail.com','1234567',NULL,NULL,false);
INSERT INTO public.sucursales (id, negocio_id, nombre, direccion, created_at, cuenta_email, cuenta_password, telefono, stripe_account_id, stripe_onboarding_complete) VALUES (34,'cdaaf6b6-c7db-4968-aa93-8f1dfb75a78c','Kanasin','Calle x','2026-01-16 19:25:19.923029+00','Kanasin@gmail.com','1234567',NULL,NULL,false);
INSERT INTO public.sucursales (id, negocio_id, nombre, direccion, created_at, cuenta_email, cuenta_password, telefono, stripe_account_id, stripe_onboarding_complete) VALUES (39,'cdaaf6b6-c7db-4968-aa93-8f1dfb75a78c','Casa de Eli','calle 179a x 92 y 94 san antonio xluch 3','2026-02-04 16:51:43.111828+00','eli@gmail.com','1234567',NULL,NULL,false);
INSERT INTO public.empleados (id, negocio_id, sucursal_id, nombre, especialidad, created_at, rol) VALUES (11,'cdaaf6b6-c7db-4968-aa93-8f1dfb75a78c',32,'Lara','Pedicurista','2026-01-16 05:25:29.972692+00',NULL);
INSERT INTO public.empleados (id, negocio_id, sucursal_id, nombre, especialidad, created_at, rol) VALUES (9,'cdaaf6b6-c7db-4968-aa93-8f1dfb75a78c',32,'Juan','Barbero','2026-01-16 05:24:04.057629+00',NULL);
INSERT INTO public.empleados (id, negocio_id, sucursal_id, nombre, especialidad, created_at, rol) VALUES (10,'cdaaf6b6-c7db-4968-aa93-8f1dfb75a78c',32,'Gabriel','Manicurista','2026-01-16 05:25:07.108404+00',NULL);
INSERT INTO public.empleados (id, negocio_id, sucursal_id, nombre, especialidad, created_at, rol) VALUES (18,'3639f3ad-99a8-4123-a10d-bc5f4801f1ad',40,'Juan Jose','Taper fade','2026-02-05 22:24:02.304981+00',NULL);
INSERT INTO public.empleados (id, negocio_id, sucursal_id, nombre, especialidad, created_at, rol) VALUES (19,'9e632a42-2cd0-4f5c-854a-6f6f4ad4ea83',41,'Victor Can','corte barber','2026-02-13 17:58:11.477717+00',NULL);
INSERT INTO public.empleados (id, negocio_id, sucursal_id, nombre, especialidad, created_at, rol) VALUES (20,'092fd61e-fce4-4e02-9d83-043292297ad3',42,'Ricardo Andre Lopez Pech','Cortes de cabello ondulado','2026-02-20 15:30:09.460184+00',NULL);
INSERT INTO public.empleados (id, negocio_id, sucursal_id, nombre, especialidad, created_at, rol) VALUES (21,'092fd61e-fce4-4e02-9d83-043292297ad3',42,'Emilio Manuel Huchim Peña','Tintes','2026-02-20 15:30:43.599216+00',NULL);
INSERT INTO public.empleado_servicios (id, empleado_id, servicio_id) VALUES (6,11,16);
INSERT INTO public.empleado_servicios (id, empleado_id, servicio_id) VALUES (7,9,13);
INSERT INTO public.empleado_servicios (id, empleado_id, servicio_id) VALUES (8,9,14);
INSERT INTO public.empleado_servicios (id, empleado_id, servicio_id) VALUES (9,10,15);
INSERT INTO public.empleado_servicios (id, empleado_id, servicio_id) VALUES (18,18,23);
INSERT INTO public.empleado_servicios (id, empleado_id, servicio_id) VALUES (20,20,25);
INSERT INTO public.empleado_servicios (id, empleado_id, servicio_id) VALUES (21,21,26);

-- ============================================
-- DATA: servicios, usuarios_perfiles, clientes_bot, horarios_sucursal, citas_servicios
-- ============================================
INSERT INTO public.servicios (id, negocio_id, sucursal_id, nombre, descripcion, precio_base, duracion_aprox_minutos, created_at, imagen_url, link_pago) VALUES (10,NULL,NULL,'Corte de Cabello Hombre',NULL,60,10,'2026-01-13 21:11:54.280549+00',NULL,'https://buy.stripe.com/test_9B628r43VgeF4RP0spd3i00');
INSERT INTO public.servicios (id, negocio_id, sucursal_id, nombre, descripcion, precio_base, duracion_aprox_minutos, created_at, imagen_url, link_pago) VALUES (14,'cdaaf6b6-c7db-4968-aa93-8f1dfb75a78c',33,'Corte de Cabello Mujer','Corte de Cabello para mujer',70,30,'2026-01-16 05:03:00.712049+00','https://qyyhembukflbxjbctuav.supabase.co/storage/v1/object/public/servicios/1768539779089_cortes_de_pelo_de_mujer_segun_el_tipo_de_cara_o_rostro.webp','https://buy.stripe.com/test_eVq4gzfMDfaBdoldfbd3i01');
INSERT INTO public.servicios (id, negocio_id, sucursal_id, nombre, descripcion, precio_base, duracion_aprox_minutos, created_at, imagen_url, link_pago) VALUES (15,'cdaaf6b6-c7db-4968-aa93-8f1dfb75a78c',32,'Manicura','',50,30,'2026-01-16 05:08:14.145938+00','https://qyyhembukflbxjbctuav.supabase.co/storage/v1/object/public/servicios/1768540093329_Tipos_y_tecnicas_de_manicura.jpg','https://buy.stripe.com/test_9B69ATgQHaUl0Bzejfd3i02');
INSERT INTO public.servicios (id, negocio_id, sucursal_id, nombre, descripcion, precio_base, duracion_aprox_minutos, created_at, imagen_url, link_pago) VALUES (16,'cdaaf6b6-c7db-4968-aa93-8f1dfb75a78c',32,'Pedicura','',50,30,'2026-01-16 05:09:54.092852+00','https://qyyhembukflbxjbctuav.supabase.co/storage/v1/object/public/servicios/1768540193418_woman_enjoying_pedicure_spa_treatment_at_a_beauty_salon_photo.jpg','https://buy.stripe.com/test_9B69ATgQHaUl0Bzejfd3i02');
INSERT INTO public.servicios (id, negocio_id, sucursal_id, nombre, descripcion, precio_base, duracion_aprox_minutos, created_at, imagen_url, link_pago) VALUES (23,'3639f3ad-99a8-4123-a10d-bc5f4801f1ad',NULL,'Corte de cabello','Corte de cabello',85,30,'2026-02-05 22:16:06.952812+00',NULL,NULL);
INSERT INTO public.servicios (id, negocio_id, sucursal_id, nombre, descripcion, precio_base, duracion_aprox_minutos, created_at, imagen_url, link_pago) VALUES (25,'092fd61e-fce4-4e02-9d83-043292297ad3',42,'Corte de pelo Militar','Estilo militar clasico',50,20,'2026-02-20 15:27:29.030235+00',NULL,NULL);
INSERT INTO public.servicios (id, negocio_id, sucursal_id, nombre, descripcion, precio_base, duracion_aprox_minutos, created_at, imagen_url, link_pago) VALUES (26,'092fd61e-fce4-4e02-9d83-043292297ad3',42,'Tinte de pelo','tinte de pelo moderno aesthetic',180,90,'2026-02-20 15:28:42.729232+00','https://qyyhembukflbxjbctuav.supabase.co/storage/v1/object/public/servicios/1771601236968_WhatsApp_Image_2026_01_13_at_9.51.13_AM.jpeg',NULL);
INSERT INTO public.servicios (id, negocio_id, sucursal_id, nombre, descripcion, precio_base, duracion_aprox_minutos, created_at, imagen_url, link_pago) VALUES (13,'cdaaf6b6-c7db-4968-aa93-8f1dfb75a78c',32,'Corte de Cabello de Hombre','',60,20,'2026-01-16 05:01:29.4707+00','https://qyyhembukflbxjbctuav.supabase.co/storage/v1/object/public/servicios/1768539688568_istockphoto_1677718095_612x612.jpg','https://buy.stripe.com/test_9B628r43VgeF4RP0spd3i00');
INSERT INTO public.servicios (id, negocio_id, sucursal_id, nombre, descripcion, precio_base, duracion_aprox_minutos, created_at, imagen_url, link_pago) VALUES (17,'cdaaf6b6-c7db-4968-aa93-8f1dfb75a78c',32,'was','ssww',20,30,'2026-01-16 19:29:09.702732+00','https://qyyhembukflbxjbctuav.supabase.co/storage/v1/object/public/servicios/1768591749127_woman_enjoying_pedicure_spa_treatment_at_a_beauty_salon_photo.jpg',NULL);
INSERT INTO public.servicios (id, negocio_id, sucursal_id, nombre, descripcion, precio_base, duracion_aprox_minutos, created_at, imagen_url, link_pago) VALUES (9,NULL,NULL,'Corte de Cabello Hombre',NULL,60,10,'2026-01-13 21:11:13.6258+00',NULL,'https://buy.stripe.com/test_9B628r43VgeF4RP0spd3i00');
INSERT INTO public.usuarios_perfiles (id, nombre, avatar_url, rol, negocio_id, created_at, sucursal_id, email) VALUES ('0d5e4c5e-532b-4455-867a-f15494d4d990','Oropeza',NULL,'dueño','3639f3ad-99a8-4123-a10d-bc5f4801f1ad','2026-02-05 21:53:38.524076+00',NULL,NULL);
INSERT INTO public.usuarios_perfiles (id, nombre, avatar_url, rol, negocio_id, created_at, sucursal_id, email) VALUES ('f0d6b5ee-ac51-40f1-9220-9f3f580d8eee','Usuario',NULL,'sucursal','3639f3ad-99a8-4123-a10d-bc5f4801f1ad','2026-02-05 22:20:00.238371+00',40,NULL);
INSERT INTO public.usuarios_perfiles (id, nombre, avatar_url, rol, negocio_id, created_at, sucursal_id, email) VALUES ('31eb201a-79d3-4241-a4c9-8bb59f4ffac2','Emir Montalvo','https://qyyhembukflbxjbctuav.supabase.co/storage/v1/object/public/avatars/avatars/31eb201a-79d3-4241-a4c9-8bb59f4ffac2_1770953765077.png','dueño','cdaaf6b6-c7db-4968-aa93-8f1dfb75a78c','2026-01-13 21:07:42.929868+00',NULL,NULL);
INSERT INTO public.usuarios_perfiles (id, nombre, avatar_url, rol, negocio_id, created_at, sucursal_id, email) VALUES ('0758b30a-fc0b-4f7a-a3b5-de31d2ea9fc8','VictorCan',NULL,'dueño','9e632a42-2cd0-4f5c-854a-6f6f4ad4ea83','2026-02-13 17:51:03.399454+00',NULL,NULL);
INSERT INTO public.usuarios_perfiles (id, nombre, avatar_url, rol, negocio_id, created_at, sucursal_id, email) VALUES ('f6de8dd6-b499-4b8d-82ac-264560f6086a','Sucursal Centro','https://qyyhembukflbxjbctuav.supabase.co/storage/v1/object/public/avatars/avatars/f6de8dd6-b499-4b8d-82ac-264560f6086a_1769194128122.jpg','sucursal','cdaaf6b6-c7db-4968-aa93-8f1dfb75a78c','2026-01-16 04:44:02.113793+00',32,NULL);
INSERT INTO public.usuarios_perfiles (id, nombre, avatar_url, rol, negocio_id, created_at, sucursal_id, email) VALUES ('f0cdfca6-145c-4bd0-9807-a31fa1729066','Usuario',NULL,'sucursal','9e632a42-2cd0-4f5c-854a-6f6f4ad4ea83','2026-02-13 17:56:26.114715+00',41,NULL);
INSERT INTO public.usuarios_perfiles (id, nombre, avatar_url, rol, negocio_id, created_at, sucursal_id, email) VALUES ('6d0e7cd9-9426-4310-ae24-93e9f4c21a78','Diego Alberto Solis Baas',NULL,'dueño','092fd61e-fce4-4e02-9d83-043292297ad3','2026-02-20 15:23:17.531174+00',NULL,NULL);
INSERT INTO public.usuarios_perfiles (id, nombre, avatar_url, rol, negocio_id, created_at, sucursal_id, email) VALUES ('2c981e17-73b0-4967-8bc4-79fe069042a8','Tiresis',NULL,'sucursal','092fd61e-fce4-4e02-9d83-043292297ad3','2026-02-20 15:26:32.151046+00',42,NULL);
INSERT INTO public.usuarios_perfiles (id, nombre, avatar_url, rol, negocio_id, created_at, sucursal_id, email) VALUES ('5c0da3d6-d6ad-46e0-a4d5-3c4336173104','Emir2',NULL,'dueño','079f0da1-08d5-4ee1-9ae9-197dd5e54a7f','2026-02-22 06:56:43.763779+00',NULL,NULL);
INSERT INTO public.usuarios_perfiles (id, nombre, avatar_url, rol, negocio_id, created_at, sucursal_id, email) VALUES ('74eb01de-81b6-4314-84c0-3c774677ffbd','Emilio Manuel Huchim Peña',NULL,'dueño','4accbae9-6776-49db-a34e-680dbb30a271','2026-02-23 15:31:57.937921+00',NULL,NULL);
INSERT INTO public.usuarios_perfiles (id, nombre, avatar_url, rol, negocio_id, created_at, sucursal_id, email) VALUES ('792b791b-68b0-447c-b491-dba4a4ceeb8a','Usuario',NULL,'sucursal','cdaaf6b6-c7db-4968-aa93-8f1dfb75a78c','2026-01-15 14:59:53.982888+00',NULL,NULL);
INSERT INTO public.usuarios_perfiles (id, nombre, avatar_url, rol, negocio_id, created_at, sucursal_id, email) VALUES ('4ffa1765-b5bb-4e94-8511-9864f0741e65','Usuario',NULL,'sucursal','cdaaf6b6-c7db-4968-aa93-8f1dfb75a78c','2026-01-16 07:11:15.061069+00',33,NULL);
INSERT INTO public.usuarios_perfiles (id, nombre, avatar_url, rol, negocio_id, created_at, sucursal_id, email) VALUES ('4ac26ad1-35c3-47c4-89af-d9ad00a070ae','Kevin vargas',NULL,'dueño','3690118d-1279-49f1-8a3f-44a769f71399','2026-02-23 16:50:56.774505+00',NULL,NULL);
INSERT INTO public.usuarios_perfiles (id, nombre, avatar_url, rol, negocio_id, created_at, sucursal_id, email) VALUES ('a3383458-9f7e-4cb2-b727-15d16e7078b2','Usuario',NULL,'sucursal','cdaaf6b6-c7db-4968-aa93-8f1dfb75a78c','2026-01-16 19:25:21.38738+00',34,NULL);
INSERT INTO public.usuarios_perfiles (id, nombre, avatar_url, rol, negocio_id, created_at, sucursal_id, email) VALUES ('6e444a65-2844-465f-9703-78273366f32b','Emir3',NULL,'dueño',NULL,'2026-02-24 04:34:02.281011+00',NULL,NULL);
INSERT INTO public.usuarios_perfiles (id, nombre, avatar_url, rol, negocio_id, created_at, sucursal_id, email) VALUES ('a5f5447e-a4e7-4a10-83f8-37c1bdc082b2','Usuario',NULL,'dueño',NULL,'2026-02-25 17:17:52.037872+00',NULL,NULL);
INSERT INTO public.usuarios_perfiles (id, nombre, avatar_url, rol, negocio_id, created_at, sucursal_id, email) VALUES ('6bd15c65-d229-4904-966c-e4eb9d03d70e','Usuario',NULL,'sucursal','cdaaf6b6-c7db-4968-aa93-8f1dfb75a78c','2026-02-04 16:51:44.515759+00',39,NULL);
INSERT INTO public.clientes_bot (id, negocio_id, nombre, telefono, chat_id, plataforma, created_at, sucursal_id, email) VALUES (71,'cdaaf6b6-c7db-4968-aa93-8f1dfb75a78c',NULL,NULL,NULL,'telegram','2026-02-05 23:05:00.555563+00',NULL,NULL);
INSERT INTO public.clientes_bot (id, negocio_id, nombre, telefono, chat_id, plataforma, created_at, sucursal_id, email) VALUES (72,'cdaaf6b6-c7db-4968-aa93-8f1dfb75a78c',NULL,NULL,NULL,'whatsapp','2026-02-05 23:15:47.819066+00',NULL,NULL);
INSERT INTO public.clientes_bot (id, negocio_id, nombre, telefono, chat_id, plataforma, created_at, sucursal_id, email) VALUES (3,'cdaaf6b6-c7db-4968-aa93-8f1dfb75a78c','Samuel','999999999',NULL,'manual','2026-01-16 06:19:08.155734+00',32,NULL);
INSERT INTO public.clientes_bot (id, negocio_id, nombre, telefono, chat_id, plataforma, created_at, sucursal_id, email) VALUES (6,'cdaaf6b6-c7db-4968-aa93-8f1dfb75a78c','emir','2222222222','web_1768558214332','web_chat','2026-01-16 10:10:14.289073+00',NULL,NULL);
INSERT INTO public.clientes_bot (id, negocio_id, nombre, telefono, chat_id, plataforma, created_at, sucursal_id, email) VALUES (7,'cdaaf6b6-c7db-4968-aa93-8f1dfb75a78c','Ana','1111111111','web_1768571749690','web_chat','2026-01-16 13:55:49.671922+00',NULL,NULL);
INSERT INTO public.clientes_bot (id, negocio_id, nombre, telefono, chat_id, plataforma, created_at, sucursal_id, email) VALUES (8,'cdaaf6b6-c7db-4968-aa93-8f1dfb75a78c','ana2','4564564567','web_1768572354794','web_chat','2026-01-16 14:05:54.686028+00',NULL,NULL);
INSERT INTO public.clientes_bot (id, negocio_id, nombre, telefono, chat_id, plataforma, created_at, sucursal_id, email) VALUES (9,'cdaaf6b6-c7db-4968-aa93-8f1dfb75a78c','ana3','4444444444','web_1768572736442','web_chat','2026-01-16 14:12:16.341215+00',NULL,NULL);
INSERT INTO public.clientes_bot (id, negocio_id, nombre, telefono, chat_id, plataforma, created_at, sucursal_id, email) VALUES (10,'cdaaf6b6-c7db-4968-aa93-8f1dfb75a78c','Fulanito','1920368167','web_1768573367670','web_chat','2026-01-16 14:22:47.539285+00',NULL,NULL);
INSERT INTO public.clientes_bot (id, negocio_id, nombre, telefono, chat_id, plataforma, created_at, sucursal_id, email) VALUES (11,'cdaaf6b6-c7db-4968-aa93-8f1dfb75a78c','prueba','3333333333','web_1768573497446','web_chat','2026-01-16 14:24:57.326161+00',NULL,NULL);
INSERT INTO public.clientes_bot (id, negocio_id, nombre, telefono, chat_id, plataforma, created_at, sucursal_id, email) VALUES (12,'cdaaf6b6-c7db-4968-aa93-8f1dfb75a78c','Fulanito','7777777777','web_1768574138567','web_chat','2026-01-16 14:35:38.449299+00',NULL,NULL);
INSERT INTO public.clientes_bot (id, negocio_id, nombre, telefono, chat_id, plataforma, created_at, sucursal_id, email) VALUES (73,'cdaaf6b6-c7db-4968-aa93-8f1dfb75a78c',NULL,NULL,NULL,'whatsapp','2026-02-05 23:23:26.080168+00',NULL,NULL);
INSERT INTO public.clientes_bot (id, negocio_id, nombre, telefono, chat_id, plataforma, created_at, sucursal_id, email) VALUES (74,'cdaaf6b6-c7db-4968-aa93-8f1dfb75a78c',NULL,NULL,NULL,'whatsapp','2026-02-05 23:35:01.204908+00',NULL,NULL);
INSERT INTO public.clientes_bot (id, negocio_id, nombre, telefono, chat_id, plataforma, created_at, sucursal_id, email) VALUES (75,'cdaaf6b6-c7db-4968-aa93-8f1dfb75a78c',NULL,NULL,NULL,'whatsapp','2026-02-05 23:43:56.581768+00',NULL,NULL);
INSERT INTO public.clientes_bot (id, negocio_id, nombre, telefono, chat_id, plataforma, created_at, sucursal_id, email) VALUES (76,'cdaaf6b6-c7db-4968-aa93-8f1dfb75a78c','Prueba','3333333333',NULL,'manual','2026-02-06 04:07:39.501465+00',33,NULL);
INSERT INTO public.clientes_bot (id, negocio_id, nombre, telefono, chat_id, plataforma, created_at, sucursal_id, email) VALUES (77,'cdaaf6b6-c7db-4968-aa93-8f1dfb75a78c','Prueba','2222222222',NULL,'manual','2026-02-06 04:09:30.66536+00',32,NULL);
INSERT INTO public.clientes_bot (id, negocio_id, nombre, telefono, chat_id, plataforma, created_at, sucursal_id, email) VALUES (78,'cdaaf6b6-c7db-4968-aa93-8f1dfb75a78c','Prueba1','123456789',NULL,'manual','2026-02-06 18:54:11.893909+00',32,NULL);
INSERT INTO public.clientes_bot (id, negocio_id, nombre, telefono, chat_id, plataforma, created_at, sucursal_id, email) VALUES (62,'cdaaf6b6-c7db-4968-aa93-8f1dfb75a78c',NULL,NULL,NULL,'telegram','2026-02-05 20:12:53.234339+00',NULL,NULL);
INSERT INTO public.clientes_bot (id, negocio_id, nombre, telefono, chat_id, plataforma, created_at, sucursal_id, email) VALUES (63,'cdaaf6b6-c7db-4968-aa93-8f1dfb75a78c',NULL,NULL,NULL,'whatsapp','2026-02-05 20:49:12.115574+00',NULL,NULL);
INSERT INTO public.clientes_bot (id, negocio_id, nombre, telefono, chat_id, plataforma, created_at, sucursal_id, email) VALUES (13,'cdaaf6b6-c7db-4968-aa93-8f1dfb75a78c','Fulanite','1234567890','web_1768574266019','web_chat','2026-01-16 14:37:45.883236+00',NULL,'emoncan27@gmail.com');
INSERT INTO public.clientes_bot (id, negocio_id, nombre, telefono, chat_id, plataforma, created_at, sucursal_id, email) VALUES (79,'cdaaf6b6-c7db-4968-aa93-8f1dfb75a78c',NULL,NULL,NULL,'whatsapp','2026-02-06 19:00:30.321171+00',NULL,NULL);
INSERT INTO public.clientes_bot (id, negocio_id, nombre, telefono, chat_id, plataforma, created_at, sucursal_id, email) VALUES (80,'cdaaf6b6-c7db-4968-aa93-8f1dfb75a78c','Prueba 2','123456789',NULL,'manual','2026-02-06 20:24:47.085344+00',33,NULL);
INSERT INTO public.clientes_bot (id, negocio_id, nombre, telefono, chat_id, plataforma, created_at, sucursal_id, email) VALUES (81,'cdaaf6b6-c7db-4968-aa93-8f1dfb75a78c',NULL,NULL,NULL,'whatsapp','2026-02-10 18:05:55.004983+00',NULL,NULL);
INSERT INTO public.clientes_bot (id, negocio_id, nombre, telefono, chat_id, plataforma, created_at, sucursal_id, email) VALUES (82,'cdaaf6b6-c7db-4968-aa93-8f1dfb75a78c',NULL,NULL,NULL,'telegram','2026-02-10 19:11:32.72486+00',NULL,NULL);
INSERT INTO public.clientes_bot (id, negocio_id, nombre, telefono, chat_id, plataforma, created_at, sucursal_id, email) VALUES (83,'cdaaf6b6-c7db-4968-aa93-8f1dfb75a78c','Pablo','9997969321',NULL,'manual','2026-02-13 00:12:04.988655+00',33,NULL);
INSERT INTO public.clientes_bot (id, negocio_id, nombre, telefono, chat_id, plataforma, created_at, sucursal_id, email) VALUES (84,'cdaaf6b6-c7db-4968-aa93-8f1dfb75a78c','Pablo','1234567890',NULL,'manual','2026-02-13 00:19:52.841382+00',32,NULL);
INSERT INTO public.clientes_bot (id, negocio_id, nombre, telefono, chat_id, plataforma, created_at, sucursal_id, email) VALUES (85,'9e632a42-2cd0-4f5c-854a-6f6f4ad4ea83','Victor can','9999969696',NULL,'manual','2026-02-13 17:57:12.276472+00',NULL,NULL);
INSERT INTO public.clientes_bot (id, negocio_id, nombre, telefono, chat_id, plataforma, created_at, sucursal_id, email) VALUES (86,'092fd61e-fce4-4e02-9d83-043292297ad3','Diego Alberto Solis Baas','9992588620',NULL,'manual','2026-02-20 15:31:22.957677+00',42,NULL);
INSERT INTO public.clientes_bot (id, negocio_id, nombre, telefono, chat_id, plataforma, created_at, sucursal_id, email) VALUES (87,'cdaaf6b6-c7db-4968-aa93-8f1dfb75a78c',NULL,NULL,NULL,'whatsapp','2026-02-20 15:47:58.349962+00',NULL,NULL);
INSERT INTO public.clientes_bot (id, negocio_id, nombre, telefono, chat_id, plataforma, created_at, sucursal_id, email) VALUES (5,'cdaaf6b6-c7db-4968-aa93-8f1dfb75a78c','moncan27@gmail.com','9999999999','web_1768557693479','web_chat','2026-01-16 10:01:33.446088+00',NULL,'emoncan27@gmail.com');
INSERT INTO public.clientes_bot (id, negocio_id, nombre, telefono, chat_id, plataforma, created_at, sucursal_id, email) VALUES (88,'092fd61e-fce4-4e02-9d83-043292297ad3','Briana Xool Rimero','9995436224',NULL,'manual','2026-02-24 17:22:51.790238+00',42,NULL);
INSERT INTO public.clientes_bot (id, negocio_id, nombre, telefono, chat_id, plataforma, created_at, sucursal_id, email) VALUES (64,'cdaaf6b6-c7db-4968-aa93-8f1dfb75a78c',NULL,NULL,NULL,'whatsapp','2026-02-05 20:58:10.861423+00',NULL,NULL);
INSERT INTO public.clientes_bot (id, negocio_id, nombre, telefono, chat_id, plataforma, created_at, sucursal_id, email) VALUES (4,'cdaaf6b6-c7db-4968-aa93-8f1dfb75a78c','Emir','9995405419','web_1768556313992','web_chat','2026-01-16 09:38:34.07383+00',NULL,'emoncan27@gmail.com');
INSERT INTO public.clientes_bot (id, negocio_id, nombre, telefono, chat_id, plataforma, created_at, sucursal_id, email) VALUES (65,'cdaaf6b6-c7db-4968-aa93-8f1dfb75a78c',NULL,NULL,NULL,'whatsapp','2026-02-05 21:24:46.206886+00',NULL,NULL);
INSERT INTO public.clientes_bot (id, negocio_id, nombre, telefono, chat_id, plataforma, created_at, sucursal_id, email) VALUES (67,'cdaaf6b6-c7db-4968-aa93-8f1dfb75a78c',NULL,NULL,NULL,'whatsapp','2026-02-05 22:14:42.178733+00',NULL,NULL);
INSERT INTO public.clientes_bot (id, negocio_id, nombre, telefono, chat_id, plataforma, created_at, sucursal_id, email) VALUES (68,'3639f3ad-99a8-4123-a10d-bc5f4801f1ad','Andres','9988445566',NULL,'manual','2026-02-05 22:20:21.028258+00',NULL,NULL);
INSERT INTO public.clientes_bot (id, negocio_id, nombre, telefono, chat_id, plataforma, created_at, sucursal_id, email) VALUES (69,'cdaaf6b6-c7db-4968-aa93-8f1dfb75a78c',NULL,NULL,NULL,'whatsapp','2026-02-05 22:24:05.911481+00',NULL,NULL);
INSERT INTO public.clientes_bot (id, negocio_id, nombre, telefono, chat_id, plataforma, created_at, sucursal_id, email) VALUES (66,'cdaaf6b6-c7db-4968-aa93-8f1dfb75a78c','Cesar','5219995846722','5219995846722','whatsapp','2026-02-05 21:38:46.367109+00',NULL,'cesarpuerto10@gmail.com**');
INSERT INTO public.clientes_bot (id, negocio_id, nombre, telefono, chat_id, plataforma, created_at, sucursal_id, email) VALUES (70,'cdaaf6b6-c7db-4968-aa93-8f1dfb75a78c',NULL,NULL,NULL,'whatsapp','2026-02-05 22:34:08.643911+00',NULL,NULL);
INSERT INTO public.horarios_sucursal (id, sucursal_id, dia_semana, hora_inicio, hora_fin, created_at, activo, hora_descanso_inicio, duracion_descanso_minutos) VALUES (11,32,1,'09:00:00','20:00:00','2026-01-16 20:00:49.009873+00',true,'15:00:00',20);
INSERT INTO public.horarios_sucursal (id, sucursal_id, dia_semana, hora_inicio, hora_fin, created_at, activo, hora_descanso_inicio, duracion_descanso_minutos) VALUES (12,32,2,'09:00:00','20:00:00','2026-01-16 20:00:49.009873+00',true,'15:00:00',20);
INSERT INTO public.horarios_sucursal (id, sucursal_id, dia_semana, hora_inicio, hora_fin, created_at, activo, hora_descanso_inicio, duracion_descanso_minutos) VALUES (13,32,3,'09:00:00','20:00:00','2026-01-16 20:00:49.009873+00',true,'15:00:00',20);
INSERT INTO public.horarios_sucursal (id, sucursal_id, dia_semana, hora_inicio, hora_fin, created_at, activo, hora_descanso_inicio, duracion_descanso_minutos) VALUES (14,32,4,'09:00:00','20:00:00','2026-01-16 20:00:49.009873+00',true,'15:00:00',20);
INSERT INTO public.horarios_sucursal (id, sucursal_id, dia_semana, hora_inicio, hora_fin, created_at, activo, hora_descanso_inicio, duracion_descanso_minutos) VALUES (15,32,5,'09:00:00','20:00:00','2026-01-16 20:00:49.009873+00',true,'15:00:00',20);
INSERT INTO public.horarios_sucursal (id, sucursal_id, dia_semana, hora_inicio, hora_fin, created_at, activo, hora_descanso_inicio, duracion_descanso_minutos) VALUES (37,42,1,'09:00:00','20:00:00','2026-02-20 15:32:39.497176+00',true,'14:00:00',60);
INSERT INTO public.horarios_sucursal (id, sucursal_id, dia_semana, hora_inicio, hora_fin, created_at, activo, hora_descanso_inicio, duracion_descanso_minutos) VALUES (38,42,2,'09:00:00','20:00:00','2026-02-20 15:32:39.497176+00',true,'14:00:00',60);
INSERT INTO public.horarios_sucursal (id, sucursal_id, dia_semana, hora_inicio, hora_fin, created_at, activo, hora_descanso_inicio, duracion_descanso_minutos) VALUES (39,42,3,'09:00:00','20:00:00','2026-02-20 15:32:39.497176+00',true,'14:00:00',60);
INSERT INTO public.horarios_sucursal (id, sucursal_id, dia_semana, hora_inicio, hora_fin, created_at, activo, hora_descanso_inicio, duracion_descanso_minutos) VALUES (40,42,5,'09:00:00','20:00:00','2026-02-20 15:32:39.497176+00',true,'14:00:00',60);
INSERT INTO public.horarios_sucursal (id, sucursal_id, dia_semana, hora_inicio, hora_fin, created_at, activo, hora_descanso_inicio, duracion_descanso_minutos) VALUES (41,42,6,'10:00:00','18:00:00','2026-02-20 15:32:39.497176+00',true,'14:00:00',0);
INSERT INTO public.citas_servicios (id, cita_id, servicio_id, precio_actual) VALUES (70,65,13,60);
INSERT INTO public.citas_servicios (id, cita_id, servicio_id, precio_actual) VALUES (71,65,17,20);
INSERT INTO public.citas_servicios (id, cita_id, servicio_id, precio_actual) VALUES (72,66,13,60);
INSERT INTO public.citas_servicios (id, cita_id, servicio_id, precio_actual) VALUES (73,66,15,50);
INSERT INTO public.citas_servicios (id, cita_id, servicio_id, precio_actual) VALUES (74,70,13,60);
INSERT INTO public.citas_servicios (id, cita_id, servicio_id, precio_actual) VALUES (75,70,17,20);
INSERT INTO public.citas_servicios (id, cita_id, servicio_id, precio_actual) VALUES (76,71,13,60);
INSERT INTO public.citas_servicios (id, cita_id, servicio_id, precio_actual) VALUES (77,72,13,60);
INSERT INTO public.citas_servicios (id, cita_id, servicio_id, precio_actual) VALUES (78,73,13,60);
INSERT INTO public.citas_servicios (id, cita_id, servicio_id, precio_actual) VALUES (80,74,23,85);
INSERT INTO public.citas_servicios (id, cita_id, servicio_id, precio_actual) VALUES (81,75,15,50);
INSERT INTO public.citas_servicios (id, cita_id, servicio_id, precio_actual) VALUES (82,76,25,50);
INSERT INTO public.citas_servicios (id, cita_id, servicio_id, precio_actual) VALUES (83,79,17,20);
INSERT INTO public.citas_servicios (id, cita_id, servicio_id, precio_actual) VALUES (84,80,13,60);
INSERT INTO public.citas_servicios (id, cita_id, servicio_id, precio_actual) VALUES (85,81,26,180);
INSERT INTO public.citas_servicios (id, cita_id, servicio_id, precio_actual) VALUES (86,82,26,180);

-- ============================================
-- DATA: citas, negocio_suscripciones
-- ============================================
INSERT INTO public.citas (id, negocio_id, sucursal_id, empleado_id, cliente_id, nombre_cliente_manual, fecha_hora_inicio, fecha_hora_fin, estado, tipo, auto_cancelada, created_at, telefono, servicio, aviso_20min, aviso_hora, total_pagado, fecha_completado, descripcion, estado_pago, stripe_payment_intent_id, stripe_session_id, monto_total, cliente_email) VALUES (74,'3639f3ad-99a8-4123-a10d-bc5f4801f1ad',40,18,68,NULL,'2026-02-13 15:00:22.672+00','2026-02-13 15:30:22.672+00','pendiente','cita',false,'2026-02-13 14:36:15.697545+00',NULL,NULL,false,false,0.00,NULL,NULL,'pendiente',NULL,NULL,NULL,NULL);
INSERT INTO public.citas (id, negocio_id, sucursal_id, empleado_id, cliente_id, nombre_cliente_manual, fecha_hora_inicio, fecha_hora_fin, estado, tipo, auto_cancelada, created_at, telefono, servicio, aviso_20min, aviso_hora, total_pagado, fecha_completado, descripcion, estado_pago, stripe_payment_intent_id, stripe_session_id, monto_total, cliente_email) VALUES (57,'cdaaf6b6-c7db-4968-aa93-8f1dfb75a78c',32,9,66,NULL,NULL,NULL,'pendiente_pago','cita',false,'2026-02-05 22:31:11.974199+00',NULL,'Corte de Cabello de Hombre',false,false,0.00,NULL,NULL,'pendiente',NULL,NULL,60,NULL);
INSERT INTO public.citas (id, negocio_id, sucursal_id, empleado_id, cliente_id, nombre_cliente_manual, fecha_hora_inicio, fecha_hora_fin, estado, tipo, auto_cancelada, created_at, telefono, servicio, aviso_20min, aviso_hora, total_pagado, fecha_completado, descripcion, estado_pago, stripe_payment_intent_id, stripe_session_id, monto_total, cliente_email) VALUES (58,'cdaaf6b6-c7db-4968-aa93-8f1dfb75a78c',32,9,70,NULL,'2026-02-08 14:00:00+00',NULL,'pendiente_pago','cita',false,'2026-02-05 22:34:08.895175+00','5219995846722','Corte de Cabello de Hombre',false,false,0.00,NULL,NULL,'pendiente',NULL,NULL,60,NULL);
INSERT INTO public.citas (id, negocio_id, sucursal_id, empleado_id, cliente_id, nombre_cliente_manual, fecha_hora_inicio, fecha_hora_fin, estado, tipo, auto_cancelada, created_at, telefono, servicio, aviso_20min, aviso_hora, total_pagado, fecha_completado, descripcion, estado_pago, stripe_payment_intent_id, stripe_session_id, monto_total, cliente_email) VALUES (60,'cdaaf6b6-c7db-4968-aa93-8f1dfb75a78c',32,9,71,NULL,'2026-02-10 16:00:00+00',NULL,'pendiente_pago','cita',false,'2026-02-05 23:05:00.795682+00',NULL,'Corte de Cabello de Hombre',false,false,0.00,NULL,NULL,'pendiente',NULL,NULL,60,NULL);
INSERT INTO public.citas (id, negocio_id, sucursal_id, empleado_id, cliente_id, nombre_cliente_manual, fecha_hora_inicio, fecha_hora_fin, estado, tipo, auto_cancelada, created_at, telefono, servicio, aviso_20min, aviso_hora, total_pagado, fecha_completado, descripcion, estado_pago, stripe_payment_intent_id, stripe_session_id, monto_total, cliente_email) VALUES (76,'092fd61e-fce4-4e02-9d83-043292297ad3',42,NULL,86,NULL,'2026-02-23 17:00:00+00','2026-02-23 17:20:00+00','pendiente_pago','cita',false,'2026-02-20 15:33:37.765746+00',NULL,NULL,false,false,0.00,NULL,NULL,'pendiente',NULL,NULL,NULL,NULL);
INSERT INTO public.citas (id, negocio_id, sucursal_id, empleado_id, cliente_id, nombre_cliente_manual, fecha_hora_inicio, fecha_hora_fin, estado, tipo, auto_cancelada, created_at, telefono, servicio, aviso_20min, aviso_hora, total_pagado, fecha_completado, descripcion, estado_pago, stripe_payment_intent_id, stripe_session_id, monto_total, cliente_email) VALUES (62,'cdaaf6b6-c7db-4968-aa93-8f1dfb75a78c',32,9,73,NULL,'2026-02-07 19:00:00+00',NULL,'pendiente_pago','cita',false,'2026-02-05 23:23:26.315236+00','5219995405419','Corte de Cabello de Hombre',false,false,0.00,NULL,NULL,'pendiente',NULL,NULL,60,NULL);
INSERT INTO public.citas (id, negocio_id, sucursal_id, empleado_id, cliente_id, nombre_cliente_manual, fecha_hora_inicio, fecha_hora_fin, estado, tipo, auto_cancelada, created_at, telefono, servicio, aviso_20min, aviso_hora, total_pagado, fecha_completado, descripcion, estado_pago, stripe_payment_intent_id, stripe_session_id, monto_total, cliente_email) VALUES (63,'cdaaf6b6-c7db-4968-aa93-8f1dfb75a78c',32,9,74,NULL,'2026-02-07 20:00:00+00',NULL,'pendiente_pago','cita',false,'2026-02-05 23:35:01.4238+00','5219995405419','Corte de Cabello de Hombre',false,false,0.00,NULL,NULL,'pendiente',NULL,NULL,60,NULL);
INSERT INTO public.citas (id, negocio_id, sucursal_id, empleado_id, cliente_id, nombre_cliente_manual, fecha_hora_inicio, fecha_hora_fin, estado, tipo, auto_cancelada, created_at, telefono, servicio, aviso_20min, aviso_hora, total_pagado, fecha_completado, descripcion, estado_pago, stripe_payment_intent_id, stripe_session_id, monto_total, cliente_email) VALUES (64,'cdaaf6b6-c7db-4968-aa93-8f1dfb75a78c',32,9,75,NULL,'2026-02-06 21:30:00+00',NULL,'pendiente_pago','cita',false,'2026-02-05 23:43:56.825649+00','5219995405419','Corte de Cabello de Hombre',false,false,0.00,NULL,NULL,'pendiente',NULL,NULL,60,NULL);
INSERT INTO public.citas (id, negocio_id, sucursal_id, empleado_id, cliente_id, nombre_cliente_manual, fecha_hora_inicio, fecha_hora_fin, estado, tipo, auto_cancelada, created_at, telefono, servicio, aviso_20min, aviso_hora, total_pagado, fecha_completado, descripcion, estado_pago, stripe_payment_intent_id, stripe_session_id, monto_total, cliente_email) VALUES (65,'cdaaf6b6-c7db-4968-aa93-8f1dfb75a78c',32,NULL,77,NULL,'2026-10-02 16:00:00+00','2026-10-02 16:50:00+00','pendiente','cita',false,'2026-02-06 04:09:44.53051+00',NULL,NULL,false,false,0.00,NULL,NULL,'pendiente',NULL,NULL,NULL,NULL);
INSERT INTO public.citas (id, negocio_id, sucursal_id, empleado_id, cliente_id, nombre_cliente_manual, fecha_hora_inicio, fecha_hora_fin, estado, tipo, auto_cancelada, created_at, telefono, servicio, aviso_20min, aviso_hora, total_pagado, fecha_completado, descripcion, estado_pago, stripe_payment_intent_id, stripe_session_id, monto_total, cliente_email) VALUES (66,'cdaaf6b6-c7db-4968-aa93-8f1dfb75a78c',32,NULL,78,NULL,'2026-02-06 22:00:27.124+00','2026-02-06 22:50:27.124+00','pendiente','cita',false,'2026-02-06 18:54:20.546207+00',NULL,NULL,false,false,0.00,NULL,NULL,'pendiente',NULL,NULL,NULL,NULL);
INSERT INTO public.citas (id, negocio_id, sucursal_id, empleado_id, cliente_id, nombre_cliente_manual, fecha_hora_inicio, fecha_hora_fin, estado, tipo, auto_cancelada, created_at, telefono, servicio, aviso_20min, aviso_hora, total_pagado, fecha_completado, descripcion, estado_pago, stripe_payment_intent_id, stripe_session_id, monto_total, cliente_email) VALUES (67,'cdaaf6b6-c7db-4968-aa93-8f1dfb75a78c',32,9,79,NULL,'2026-02-07 21:00:00+00',NULL,'pendiente_pago','cita',false,'2026-02-06 19:00:30.530932+00','5219995846722','Corte de Cabello de Hombre',false,false,0.00,NULL,NULL,'pendiente',NULL,NULL,NULL,NULL);
INSERT INTO public.citas (id, negocio_id, sucursal_id, empleado_id, cliente_id, nombre_cliente_manual, fecha_hora_inicio, fecha_hora_fin, estado, tipo, auto_cancelada, created_at, telefono, servicio, aviso_20min, aviso_hora, total_pagado, fecha_completado, descripcion, estado_pago, stripe_payment_intent_id, stripe_session_id, monto_total, cliente_email) VALUES (68,'cdaaf6b6-c7db-4968-aa93-8f1dfb75a78c',32,9,81,NULL,'2026-02-11 21:00:00+00',NULL,'pendiente_pago','cita',false,'2026-02-10 18:05:55.237425+00','5219995405419','Corte de Cabello de Hombre',false,false,0.00,NULL,NULL,'pendiente',NULL,NULL,NULL,NULL);
INSERT INTO public.citas (id, negocio_id, sucursal_id, empleado_id, cliente_id, nombre_cliente_manual, fecha_hora_inicio, fecha_hora_fin, estado, tipo, auto_cancelada, created_at, telefono, servicio, aviso_20min, aviso_hora, total_pagado, fecha_completado, descripcion, estado_pago, stripe_payment_intent_id, stripe_session_id, monto_total, cliente_email) VALUES (69,'cdaaf6b6-c7db-4968-aa93-8f1dfb75a78c',32,9,82,NULL,'2026-02-10 21:00:00+00',NULL,'pendiente_pago','cita',false,'2026-02-10 19:11:32.96831+00','5836065732','Corte de Cabello de Hombre',false,false,0.00,NULL,NULL,'pendiente',NULL,NULL,NULL,NULL);
INSERT INTO public.citas (id, negocio_id, sucursal_id, empleado_id, cliente_id, nombre_cliente_manual, fecha_hora_inicio, fecha_hora_fin, estado, tipo, auto_cancelada, created_at, telefono, servicio, aviso_20min, aviso_hora, total_pagado, fecha_completado, descripcion, estado_pago, stripe_payment_intent_id, stripe_session_id, monto_total, cliente_email) VALUES (70,'cdaaf6b6-c7db-4968-aa93-8f1dfb75a78c',32,NULL,84,NULL,'2026-02-13 01:00:21.622+00','2026-02-13 01:50:21.622+00','cancelada','cita',false,'2026-02-13 00:20:20.631689+00',NULL,NULL,false,false,0.00,NULL,NULL,'pendiente',NULL,NULL,NULL,NULL);
INSERT INTO public.citas (id, negocio_id, sucursal_id, empleado_id, cliente_id, nombre_cliente_manual, fecha_hora_inicio, fecha_hora_fin, estado, tipo, auto_cancelada, created_at, telefono, servicio, aviso_20min, aviso_hora, total_pagado, fecha_completado, descripcion, estado_pago, stripe_payment_intent_id, stripe_session_id, monto_total, cliente_email) VALUES (59,'cdaaf6b6-c7db-4968-aa93-8f1dfb75a78c',32,9,5,NULL,'2026-02-06 15:00:00+00',NULL,'completada','cita',false,'2026-02-05 22:52:35.94452+00','5219995405419','Corte de Cabello de Hombre',false,false,0.00,'2026-02-13 03:37:35.762+00',NULL,'pendiente',NULL,NULL,60,NULL);
INSERT INTO public.citas (id, negocio_id, sucursal_id, empleado_id, cliente_id, nombre_cliente_manual, fecha_hora_inicio, fecha_hora_fin, estado, tipo, auto_cancelada, created_at, telefono, servicio, aviso_20min, aviso_hora, total_pagado, fecha_completado, descripcion, estado_pago, stripe_payment_intent_id, stripe_session_id, monto_total, cliente_email) VALUES (77,'cdaaf6b6-c7db-4968-aa93-8f1dfb75a78c',32,9,87,NULL,'2026-02-20 18:00:00+00',NULL,'pendiente_pago','cita',false,'2026-02-20 15:47:58.575886+00','5219995405419','Corte de Cabello de Hombre',false,false,0.00,NULL,NULL,'pendiente',NULL,NULL,NULL,NULL);
INSERT INTO public.citas (id, negocio_id, sucursal_id, empleado_id, cliente_id, nombre_cliente_manual, fecha_hora_inicio, fecha_hora_fin, estado, tipo, auto_cancelada, created_at, telefono, servicio, aviso_20min, aviso_hora, total_pagado, fecha_completado, descripcion, estado_pago, stripe_payment_intent_id, stripe_session_id, monto_total, cliente_email) VALUES (61,'cdaaf6b6-c7db-4968-aa93-8f1dfb75a78c',32,9,72,NULL,'2026-02-07 12:00:00+00',NULL,'completada','cita',false,'2026-02-05 23:15:48.081864+00','5219995405419','Corte de Cabello de Hombre',false,false,0.00,'2026-02-13 04:41:03.523+00',NULL,'pagado',NULL,NULL,60,NULL);
INSERT INTO public.citas (id, negocio_id, sucursal_id, empleado_id, cliente_id, nombre_cliente_manual, fecha_hora_inicio, fecha_hora_fin, estado, tipo, auto_cancelada, created_at, telefono, servicio, aviso_20min, aviso_hora, total_pagado, fecha_completado, descripcion, estado_pago, stripe_payment_intent_id, stripe_session_id, monto_total, cliente_email) VALUES (71,'cdaaf6b6-c7db-4968-aa93-8f1dfb75a78c',32,NULL,84,NULL,'2026-02-13 16:44:00+00','2026-02-13 17:04:00+00','completada','cita',false,'2026-02-13 04:44:29.121253+00',NULL,NULL,false,false,60.00,'2026-02-13 04:44:51.057+00',NULL,'pendiente',NULL,NULL,NULL,NULL);
INSERT INTO public.citas (id, negocio_id, sucursal_id, empleado_id, cliente_id, nombre_cliente_manual, fecha_hora_inicio, fecha_hora_fin, estado, tipo, auto_cancelada, created_at, telefono, servicio, aviso_20min, aviso_hora, total_pagado, fecha_completado, descripcion, estado_pago, stripe_payment_intent_id, stripe_session_id, monto_total, cliente_email) VALUES (72,'cdaaf6b6-c7db-4968-aa93-8f1dfb75a78c',32,9,84,NULL,'2026-02-13 16:47:00+00','2026-02-13 17:07:00+00','cancelada','cita',false,'2026-02-13 04:48:08.570472+00',NULL,NULL,false,false,0.00,NULL,NULL,'pendiente',NULL,NULL,NULL,NULL);
INSERT INTO public.citas (id, negocio_id, sucursal_id, empleado_id, cliente_id, nombre_cliente_manual, fecha_hora_inicio, fecha_hora_fin, estado, tipo, auto_cancelada, created_at, telefono, servicio, aviso_20min, aviso_hora, total_pagado, fecha_completado, descripcion, estado_pago, stripe_payment_intent_id, stripe_session_id, monto_total, cliente_email) VALUES (73,'cdaaf6b6-c7db-4968-aa93-8f1dfb75a78c',32,NULL,78,NULL,'2026-02-13 16:49:00+00','2026-02-13 17:09:00+00','completada','cita',false,'2026-02-13 04:52:13.543412+00',NULL,NULL,false,false,60.00,'2026-02-13 05:07:39.012+00',NULL,'pagado',NULL,NULL,NULL,NULL);
INSERT INTO public.citas (id, negocio_id, sucursal_id, empleado_id, cliente_id, nombre_cliente_manual, fecha_hora_inicio, fecha_hora_fin, estado, tipo, auto_cancelada, created_at, telefono, servicio, aviso_20min, aviso_hora, total_pagado, fecha_completado, descripcion, estado_pago, stripe_payment_intent_id, stripe_session_id, monto_total, cliente_email) VALUES (78,'cdaaf6b6-c7db-4968-aa93-8f1dfb75a78c',32,10,5,NULL,'2026-02-20 19:00:00+00',NULL,'completada','cita',false,'2026-02-20 16:55:03.207531+00','5219995405419','Manicura',false,false,0.00,'2026-02-20 16:57:11.207+00',NULL,'pagado',NULL,NULL,NULL,NULL);
INSERT INTO public.citas (id, negocio_id, sucursal_id, empleado_id, cliente_id, nombre_cliente_manual, fecha_hora_inicio, fecha_hora_fin, estado, tipo, auto_cancelada, created_at, telefono, servicio, aviso_20min, aviso_hora, total_pagado, fecha_completado, descripcion, estado_pago, stripe_payment_intent_id, stripe_session_id, monto_total, cliente_email) VALUES (75,'cdaaf6b6-c7db-4968-aa93-8f1dfb75a78c',32,NULL,84,NULL,'2026-02-13 15:00:30.985+00','2026-02-13 15:30:30.985+00','completada','cita',false,'2026-02-13 14:39:01.716549+00',NULL,NULL,false,false,50.00,'2026-02-21 03:05:13.298+00',NULL,'pagado',NULL,NULL,NULL,NULL);
INSERT INTO public.citas (id, negocio_id, sucursal_id, empleado_id, cliente_id, nombre_cliente_manual, fecha_hora_inicio, fecha_hora_fin, estado, tipo, auto_cancelada, created_at, telefono, servicio, aviso_20min, aviso_hora, total_pagado, fecha_completado, descripcion, estado_pago, stripe_payment_intent_id, stripe_session_id, monto_total, cliente_email) VALUES (79,'cdaaf6b6-c7db-4968-aa93-8f1dfb75a78c',32,NULL,84,NULL,'2026-02-24 16:00:00+00','2026-02-24 16:30:00+00','pendiente_pago','cita',false,'2026-02-24 02:45:03.823236+00',NULL,NULL,false,false,0.00,NULL,NULL,'pendiente',NULL,NULL,NULL,NULL);
INSERT INTO public.citas (id, negocio_id, sucursal_id, empleado_id, cliente_id, nombre_cliente_manual, fecha_hora_inicio, fecha_hora_fin, estado, tipo, auto_cancelada, created_at, telefono, servicio, aviso_20min, aviso_hora, total_pagado, fecha_completado, descripcion, estado_pago, stripe_payment_intent_id, stripe_session_id, monto_total, cliente_email) VALUES (80,'cdaaf6b6-c7db-4968-aa93-8f1dfb75a78c',32,NULL,78,NULL,'2026-02-24 17:50:14.01+00','2026-02-24 18:10:14.01+00','pendiente_pago','cita',false,'2026-02-24 15:44:36.923887+00',NULL,NULL,false,false,0.00,NULL,NULL,'pendiente',NULL,NULL,NULL,NULL);
INSERT INTO public.citas (id, negocio_id, sucursal_id, empleado_id, cliente_id, nombre_cliente_manual, fecha_hora_inicio, fecha_hora_fin, estado, tipo, auto_cancelada, created_at, telefono, servicio, aviso_20min, aviso_hora, total_pagado, fecha_completado, descripcion, estado_pago, stripe_payment_intent_id, stripe_session_id, monto_total, cliente_email) VALUES (81,'092fd61e-fce4-4e02-9d83-043292297ad3',42,21,88,NULL,'2026-02-24 18:30:43.901+00','2026-02-24 20:00:43.901+00','completada','cita',false,'2026-02-24 17:23:30.276431+00',NULL,NULL,false,false,180.00,'2026-02-26 18:31:48.992+00',NULL,'pagado',NULL,NULL,NULL,NULL);
INSERT INTO public.citas (id, negocio_id, sucursal_id, empleado_id, cliente_id, nombre_cliente_manual, fecha_hora_inicio, fecha_hora_fin, estado, tipo, auto_cancelada, created_at, telefono, servicio, aviso_20min, aviso_hora, total_pagado, fecha_completado, descripcion, estado_pago, stripe_payment_intent_id, stripe_session_id, monto_total, cliente_email) VALUES (82,'092fd61e-fce4-4e02-9d83-043292297ad3',42,NULL,86,NULL,'2039-12-31 18:37:00+00','2039-12-31 20:07:00+00','pendiente_pago','cita',false,'2026-02-26 18:39:38.035766+00',NULL,NULL,false,false,0.00,NULL,NULL,'pendiente',NULL,NULL,NULL,NULL);
INSERT INTO public.negocio_suscripciones (negocio_id, plan_id, estado, fecha_fin_prueba, fecha_fin_periodo, created_at, updated_at, stripe_subscription_id, tipo_chatbot) VALUES ('ee809f09-60c5-4315-a972-6643f4120cba',2,'active','2026-02-20 17:50:10.211+00','2026-03-15 17:54:27.293+00','2026-02-13 17:51:30.258103+00','2026-02-13 17:54:27.293+00','sub_1T0QZOHsS4CoBuQsOIUS8Mlp','web');
INSERT INTO public.negocio_suscripciones (negocio_id, plan_id, estado, fecha_fin_prueba, fecha_fin_periodo, created_at, updated_at, stripe_subscription_id, tipo_chatbot) VALUES ('9e632a42-2cd0-4f5c-854a-6f6f4ad4ea83',2,'active','2026-02-20 17:53:43.957+00','2026-03-15 17:54:41.795+00','2026-02-13 17:53:01.591048+00','2026-02-13 17:54:41.795+00','sub_1T0QZMHsS4CoBuQsVeLjtDuz','web');
INSERT INTO public.negocio_suscripciones (negocio_id, plan_id, estado, fecha_fin_prueba, fecha_fin_periodo, created_at, updated_at, stripe_subscription_id, tipo_chatbot) VALUES ('7a8ba4e9-96b1-45a3-b891-85e2925d66cc',2,'active','2026-02-20 17:53:31.966+00','2026-03-15 17:55:32.35+00','2026-02-13 17:54:51.899106+00','2026-02-13 17:55:32.35+00','sub_1T0QaRHsS4CoBuQs4qfBNm5h','web');
INSERT INTO public.negocio_suscripciones (negocio_id, plan_id, estado, fecha_fin_prueba, fecha_fin_periodo, created_at, updated_at, stripe_subscription_id, tipo_chatbot) VALUES ('23519d2a-b867-4560-9735-9fdc3c7c2faa',2,'active','2026-02-20 17:54:37.349+00','2026-03-15 17:56:44.465+00','2026-02-13 17:55:57.218048+00','2026-02-13 17:56:44.465+00','sub_1T0QbbHsS4CoBuQs4cnmpzHl','web');
INSERT INTO public.negocio_suscripciones (negocio_id, plan_id, estado, fecha_fin_prueba, fecha_fin_periodo, created_at, updated_at, stripe_subscription_id, tipo_chatbot) VALUES ('fc515d9d-5843-4342-a8f3-889201eb6595',2,'active','2026-02-20 17:59:56.232+00','2026-03-15 18:03:48.349+00','2026-02-13 18:01:16.094398+00','2026-02-13 18:03:48.349+00','sub_1T0QiQHsS4CoBuQskQ2lZEht','web');
INSERT INTO public.negocio_suscripciones (negocio_id, plan_id, estado, fecha_fin_prueba, fecha_fin_periodo, created_at, updated_at, stripe_subscription_id, tipo_chatbot) VALUES ('58812d7c-a245-40a5-ba12-2bc60d6dff0b',2,'active','2026-02-20 18:03:49.018+00','2026-03-15 18:06:00.594+00','2026-02-13 18:05:08.852998+00','2026-02-13 18:06:00.594+00','sub_1T0QkZHsS4CoBuQsZLCzPYYk','web');
INSERT INTO public.negocio_suscripciones (negocio_id, plan_id, estado, fecha_fin_prueba, fecha_fin_periodo, created_at, updated_at, stripe_subscription_id, tipo_chatbot) VALUES ('2c57c657-f55b-481b-aab2-1c091cbdd4e8',2,'trialing','2026-02-27 18:38:12.03+00',NULL,'2026-02-20 18:38:09.934569+00','2026-02-20 18:38:09.934569+00',NULL,'web');
INSERT INTO public.negocio_suscripciones (negocio_id, plan_id, estado, fecha_fin_prueba, fecha_fin_periodo, created_at, updated_at, stripe_subscription_id, tipo_chatbot) VALUES ('3ed0b654-2eb4-4e33-83cd-b6f79d5057e8',2,'trialing','2026-02-27 18:40:25.556+00',NULL,'2026-02-20 18:40:23.416506+00','2026-02-20 18:40:23.416506+00',NULL,'web');
INSERT INTO public.negocio_suscripciones (negocio_id, plan_id, estado, fecha_fin_prueba, fecha_fin_periodo, created_at, updated_at, stripe_subscription_id, tipo_chatbot) VALUES ('b67381f3-d32c-44df-b879-fa2ef17c4265',2,'trialing','2026-02-28 00:32:14.211+00',NULL,'2026-02-21 00:32:14.293178+00','2026-02-21 00:32:14.293178+00',NULL,'web');
INSERT INTO public.negocio_suscripciones (negocio_id, plan_id, estado, fecha_fin_prueba, fecha_fin_periodo, created_at, updated_at, stripe_subscription_id, tipo_chatbot) VALUES ('75eb6e5c-0837-445b-a158-0fbcd55ba141',3,'trialing','2026-02-28 00:34:16.878+00',NULL,'2026-02-21 00:34:16.945653+00','2026-02-21 00:34:16.945653+00',NULL,'web');
INSERT INTO public.negocio_suscripciones (negocio_id, plan_id, estado, fecha_fin_prueba, fecha_fin_periodo, created_at, updated_at, stripe_subscription_id, tipo_chatbot) VALUES ('f4a60eea-28c5-48dc-aa29-90992c912457',3,'trialing','2026-02-28 00:54:27.621+00',NULL,'2026-02-21 00:54:27.672987+00','2026-02-21 00:54:27.672987+00',NULL,'web');
INSERT INTO public.negocio_suscripciones (negocio_id, plan_id, estado, fecha_fin_prueba, fecha_fin_periodo, created_at, updated_at, stripe_subscription_id, tipo_chatbot) VALUES ('cdaaf6b6-c7db-4968-aa93-8f1dfb75a78c',3,'active','2099-12-31 00:00:00+00','2099-12-31 00:00:00+00','2026-01-21 13:46:07.159439+00','2026-01-21 13:46:07.159439+00',NULL,'web');
INSERT INTO public.negocio_suscripciones (negocio_id, plan_id, estado, fecha_fin_prueba, fecha_fin_periodo, created_at, updated_at, stripe_subscription_id, tipo_chatbot) VALUES ('571f620d-e322-4f57-859c-117b018a0709',2,'trialing','2026-03-01 06:17:04.346+00',NULL,'2026-02-22 06:17:03.335636+00','2026-02-22 06:17:03.335636+00',NULL,'web');
INSERT INTO public.negocio_suscripciones (negocio_id, plan_id, estado, fecha_fin_prueba, fecha_fin_periodo, created_at, updated_at, stripe_subscription_id, tipo_chatbot) VALUES ('e37cb0c4-88e0-46f8-8e69-f788e44e8b79',2,'trialing','2026-03-01 06:20:15.68+00',NULL,'2026-02-22 06:20:14.624107+00','2026-02-22 06:20:14.624107+00',NULL,'web');
INSERT INTO public.negocio_suscripciones (negocio_id, plan_id, estado, fecha_fin_prueba, fecha_fin_periodo, created_at, updated_at, stripe_subscription_id, tipo_chatbot) VALUES ('bb748a25-fd2f-47f9-b366-901a306c49ec',1,'active','2026-03-01 06:22:22.911+00','2026-03-24 06:23:01.472+00','2026-02-22 06:22:21.864795+00','2026-02-22 06:23:01.472+00','sub_1T3W4CHsS4CoBuQsWjHHovvA','web');
INSERT INTO public.negocio_suscripciones (negocio_id, plan_id, estado, fecha_fin_prueba, fecha_fin_periodo, created_at, updated_at, stripe_subscription_id, tipo_chatbot) VALUES ('0e1d7fe8-642a-47f2-99d2-c770485f8432',1,'active','2026-03-01 06:26:09.831+00','2026-03-24 06:26:31.794+00','2026-02-22 06:26:08.774473+00','2026-02-22 06:26:31.794+00','sub_1T3W7bHsS4CoBuQsOYmVJkvu','web');
INSERT INTO public.negocio_suscripciones (negocio_id, plan_id, estado, fecha_fin_prueba, fecha_fin_periodo, created_at, updated_at, stripe_subscription_id, tipo_chatbot) VALUES ('09c6a27a-f183-4e3c-9381-2b49b08095a3',1,'active','2026-03-01 06:27:07.12+00','2026-03-24 06:27:33.138+00','2026-02-22 06:27:06.068128+00','2026-02-22 06:27:33.138+00','sub_1T3W8bHsS4CoBuQsior9x8h7','web');
INSERT INTO public.negocio_suscripciones (negocio_id, plan_id, estado, fecha_fin_prueba, fecha_fin_periodo, created_at, updated_at, stripe_subscription_id, tipo_chatbot) VALUES ('3d2e1ddf-d0eb-4d5c-bc66-467fd7e7bc69',1,'trialing','2026-03-01 06:31:25.966+00',NULL,'2026-02-22 06:31:24.908498+00','2026-02-22 06:31:24.908498+00',NULL,'web');
INSERT INTO public.negocio_suscripciones (negocio_id, plan_id, estado, fecha_fin_prueba, fecha_fin_periodo, created_at, updated_at, stripe_subscription_id, tipo_chatbot) VALUES ('97c229d6-48b9-4988-9078-e78a809d264d',1,'trialing','2026-03-01 06:31:30.163+00',NULL,'2026-02-22 06:31:29.104619+00','2026-02-22 06:31:29.104619+00',NULL,'web');
INSERT INTO public.negocio_suscripciones (negocio_id, plan_id, estado, fecha_fin_prueba, fecha_fin_periodo, created_at, updated_at, stripe_subscription_id, tipo_chatbot) VALUES ('00c73e84-cfab-41f9-978e-649a67d10bf8',3,'active','2026-03-01 06:31:32.633+00','2026-03-24 06:31:55.185+00','2026-02-22 06:31:31.569996+00','2026-02-22 06:31:55.185+00','sub_1T3WCoHsS4CoBuQsyMv6V4Co','web');
INSERT INTO public.negocio_suscripciones (negocio_id, plan_id, estado, fecha_fin_prueba, fecha_fin_periodo, created_at, updated_at, stripe_subscription_id, tipo_chatbot) VALUES ('8609d9f8-59aa-48ae-8b8b-76e92a925801',1,'trialing','2026-03-01 06:32:36.016+00',NULL,'2026-02-22 06:32:34.955928+00','2026-02-22 06:32:34.955928+00',NULL,'web');
INSERT INTO public.negocio_suscripciones (negocio_id, plan_id, estado, fecha_fin_prueba, fecha_fin_periodo, created_at, updated_at, stripe_subscription_id, tipo_chatbot) VALUES ('59fe26fa-4a3f-4a27-9652-b3575e247f81',2,'trialing','2026-03-01 06:33:30.459+00',NULL,'2026-02-22 06:33:29.419557+00','2026-02-22 06:33:29.419557+00',NULL,'web');
INSERT INTO public.negocio_suscripciones (negocio_id, plan_id, estado, fecha_fin_prueba, fecha_fin_periodo, created_at, updated_at, stripe_subscription_id, tipo_chatbot) VALUES ('cb83a9fd-5341-4653-8ebd-23c6c024de02',1,'trialing','2026-03-01 06:33:43.032+00',NULL,'2026-02-22 06:33:41.994539+00','2026-02-22 06:33:41.994539+00',NULL,'web');
INSERT INTO public.negocio_suscripciones (negocio_id, plan_id, estado, fecha_fin_prueba, fecha_fin_periodo, created_at, updated_at, stripe_subscription_id, tipo_chatbot) VALUES ('529aff79-fe66-4f88-9af8-2e0f5b3a31d8',1,'trialing','2026-03-01 06:52:15.385+00',NULL,'2026-02-22 06:52:14.329835+00','2026-02-22 06:52:14.329835+00',NULL,'web');
INSERT INTO public.negocio_suscripciones (negocio_id, plan_id, estado, fecha_fin_prueba, fecha_fin_periodo, created_at, updated_at, stripe_subscription_id, tipo_chatbot) VALUES ('f688d8e7-2d77-44b5-84fc-cd95729cbbf5',1,'active','2026-03-01 06:52:30.696+00','2026-03-24 06:52:57.285+00','2026-02-22 06:52:29.624983+00','2026-02-22 06:52:57.285+00','sub_1T3WXBHsS4CoBuQs7LCMpT7c','web');
INSERT INTO public.negocio_suscripciones (negocio_id, plan_id, estado, fecha_fin_prueba, fecha_fin_periodo, created_at, updated_at, stripe_subscription_id, tipo_chatbot) VALUES ('5ba6667d-19e3-4755-8702-3e9359fc6f56',1,'trialing','2026-03-01 06:53:27.242+00',NULL,'2026-02-22 06:53:26.17352+00','2026-02-22 06:53:26.17352+00',NULL,'web');
INSERT INTO public.negocio_suscripciones (negocio_id, plan_id, estado, fecha_fin_prueba, fecha_fin_periodo, created_at, updated_at, stripe_subscription_id, tipo_chatbot) VALUES ('e92a3f72-b9b9-4fc3-9990-42d7d673a7fc',1,'trialing','2026-03-01 06:56:44.488+00',NULL,'2026-02-22 06:56:43.415167+00','2026-02-22 06:56:43.415167+00',NULL,'web');
INSERT INTO public.negocio_suscripciones (negocio_id, plan_id, estado, fecha_fin_prueba, fecha_fin_periodo, created_at, updated_at, stripe_subscription_id, tipo_chatbot) VALUES ('079f0da1-08d5-4ee1-9ae9-197dd5e54a7f',1,'trialing','2026-03-01 06:59:21.302+00',NULL,'2026-02-22 06:59:20.229194+00','2026-02-22 06:59:20.229194+00',NULL,'web');
INSERT INTO public.negocio_suscripciones (negocio_id, plan_id, estado, fecha_fin_prueba, fecha_fin_periodo, created_at, updated_at, stripe_subscription_id, tipo_chatbot) VALUES ('092fd61e-fce4-4e02-9d83-043292297ad3',3,'active','2026-02-27 15:23:34.181+00','2026-03-25 15:33:04.625+00','2026-02-20 15:24:33.703582+00','2026-02-23 15:33:04.625+00','sub_1T4184HsS4CoBuQsSx6KrlBN','web');
INSERT INTO public.negocio_suscripciones (negocio_id, plan_id, estado, fecha_fin_prueba, fecha_fin_periodo, created_at, updated_at, stripe_subscription_id, tipo_chatbot) VALUES ('999455b7-329a-41d6-b79a-2f205babe435',2,'active','2026-02-12 21:48:07.201+00','2026-03-07 21:49:38.039+00','2026-02-05 21:48:07.786845+00','2026-02-05 21:49:38.039+00','sub_1SxaQZHsS4CoBuQsNKpXis1i','web');
INSERT INTO public.negocio_suscripciones (negocio_id, plan_id, estado, fecha_fin_prueba, fecha_fin_periodo, created_at, updated_at, stripe_subscription_id, tipo_chatbot) VALUES ('da539604-a090-4a72-af27-5c20118b64cc',2,'active','2026-02-12 21:50:19.638+00','2026-03-07 21:50:44.974+00','2026-02-05 21:50:20.181632+00','2026-02-05 21:50:44.974+00','sub_1SxaReHsS4CoBuQs2DY4DolV','web');
INSERT INTO public.negocio_suscripciones (negocio_id, plan_id, estado, fecha_fin_prueba, fecha_fin_periodo, created_at, updated_at, stripe_subscription_id, tipo_chatbot) VALUES ('8b9c04c4-ce3f-4837-82a7-711cb9db1416',2,'active','2026-02-12 21:51:14.858+00','2026-03-07 21:51:39.321+00','2026-02-05 21:51:15.396732+00','2026-02-05 21:51:39.321+00','sub_1SxaSWHsS4CoBuQsU51jL2Ts','web');
INSERT INTO public.negocio_suscripciones (negocio_id, plan_id, estado, fecha_fin_prueba, fecha_fin_periodo, created_at, updated_at, stripe_subscription_id, tipo_chatbot) VALUES ('74514d42-d82b-4c82-a84c-6b2e5b167805',2,'active','2026-02-12 21:52:14.99+00','2026-03-07 21:52:31.832+00','2026-02-05 21:52:15.53056+00','2026-02-05 21:52:31.832+00','sub_1SxaTNHsS4CoBuQsPu8zsKf2','web');
INSERT INTO public.negocio_suscripciones (negocio_id, plan_id, estado, fecha_fin_prueba, fecha_fin_periodo, created_at, updated_at, stripe_subscription_id, tipo_chatbot) VALUES ('3639f3ad-99a8-4123-a10d-bc5f4801f1ad',2,'active','2026-02-12 22:05:56.634+00','2026-03-07 22:07:14.483+00','2026-02-05 22:05:57.154709+00','2026-02-05 22:07:14.483+00','sub_1SxahcHsS4CoBuQstYssic4Y','web');
INSERT INTO public.negocio_suscripciones (negocio_id, plan_id, estado, fecha_fin_prueba, fecha_fin_periodo, created_at, updated_at, stripe_subscription_id, tipo_chatbot) VALUES ('68e6dad8-30db-4621-9388-1344a350871b',2,'active','2026-02-12 22:07:56.924+00','2026-03-07 22:08:28.177+00','2026-02-05 22:07:57.452176+00','2026-02-05 22:08:28.177+00','sub_1SxainHsS4CoBuQsT6lKiClX','web');
INSERT INTO public.negocio_suscripciones (negocio_id, plan_id, estado, fecha_fin_prueba, fecha_fin_periodo, created_at, updated_at, stripe_subscription_id, tipo_chatbot) VALUES ('3f817a98-feb0-4c38-b1d0-2253558ec909',2,'trial','2026-02-12 22:09:36.063+00',NULL,'2026-02-05 22:09:36.574758+00','2026-02-05 22:09:36.574758+00',NULL,'web');
INSERT INTO public.negocio_suscripciones (negocio_id, plan_id, estado, fecha_fin_prueba, fecha_fin_periodo, created_at, updated_at, stripe_subscription_id, tipo_chatbot) VALUES ('4accbae9-6776-49db-a34e-680dbb30a271',1,'active','2026-03-02 15:33:52.583+00','2026-03-25 15:36:49.875+00','2026-02-23 15:33:54.393527+00','2026-02-23 15:36:49.875+00','sub_1T41BhHsS4CoBuQs3RAlenuD','web');
INSERT INTO public.negocio_suscripciones (negocio_id, plan_id, estado, fecha_fin_prueba, fecha_fin_periodo, created_at, updated_at, stripe_subscription_id, tipo_chatbot) VALUES ('3690118d-1279-49f1-8a3f-44a769f71399',1,'trialing','2026-03-02 16:57:26.333+00',NULL,'2026-02-23 16:57:26.786748+00','2026-02-23 16:57:26.786748+00',NULL,'web');

-- ============================================
-- Re-enable constraints & reset sequences
-- ============================================
SET session_replication_role = 'origin';

SELECT setval(pg_get_serial_sequence('public.sucursales', 'id'), COALESCE(MAX(id), 1)) FROM public.sucursales;
SELECT setval(pg_get_serial_sequence('public.empleados', 'id'), COALESCE(MAX(id), 1)) FROM public.empleados;
SELECT setval(pg_get_serial_sequence('public.servicios', 'id'), COALESCE(MAX(id), 1)) FROM public.servicios;
SELECT setval(pg_get_serial_sequence('public.clientes_bot', 'id'), COALESCE(MAX(id), 1)) FROM public.clientes_bot;
SELECT setval(pg_get_serial_sequence('public.citas', 'id'), COALESCE(MAX(id), 1)) FROM public.citas;
SELECT setval(pg_get_serial_sequence('public.citas_servicios', 'id'), COALESCE(MAX(id), 1)) FROM public.citas_servicios;
SELECT setval(pg_get_serial_sequence('public.empleado_servicios', 'id'), COALESCE(MAX(id), 1)) FROM public.empleado_servicios;
SELECT setval(pg_get_serial_sequence('public.horarios_sucursal', 'id'), COALESCE(MAX(id), 1)) FROM public.horarios_sucursal;

-- Backup complete!
